table,title,unit,year,month,value
1,"Table 1. Systemwide Passenger Enplanements on U.S. Airlines, Seasonally-Adjusted","Systemwide (Domestic + International) passenger enplanements (seasonally-adjusted) in millions (000,000)",2021,1,31.48
1,"Table 1. Systemwide Passenger Enplanements on U.S. Airlines, Seasonally-Adjusted","Systemwide (Domestic + International) passenger enplanements (seasonally-adjusted) in millions (000,000)",2022,1,60.6
1,"Table 1. Systemwide Passenger Enplanements on U.S. Airlines, Seasonally-Adjusted","Systemwide (Domestic + International) passenger enplanements (seasonally-adjusted) in millions (000,000)",2023,1,77.83
1,"Table 1. Systemwide Passenger Enplanements on U.S. Airlines, Seasonally-Adjusted","Systemwide (Domestic + International) passenger enplanements (seasonally-adjusted) in millions (000,000)",2024,1,80.93
1,"Table 1. Systemwide Passenger Enplanements on U.S. Airlines, Seasonally-Adjusted","Systemwide (Domestic + International) passenger enplanements (seasonally-adjusted) in millions (000,000)",2021,2,32.14
1,"Table 1. Systemwide Passenger Enplanements on U.S. Airlines, Seasonally-Adjusted","Systemwide (Domestic + International) passenger enplanements (seasonally-adjusted) in millions (000,000)",2022,2,66.18
1,"Table 1. Systemwide Passenger Enplanements on U.S. Airlines, Seasonally-Adjusted","Systemwide (Domestic + International) passenger enplanements (seasonally-adjusted) in millions (000,000)",2023,2,78.24
1,"Table 1. Systemwide Passenger Enplanements on U.S. Airlines, Seasonally-Adjusted","Systemwide (Domestic + International) passenger enplanements (seasonally-adjusted) in millions (000,000)",2024,2,82.02
1,"Table 1. Systemwide Passenger Enplanements on U.S. Airlines, Seasonally-Adjusted","Systemwide (Domestic + International) passenger enplanements (seasonally-adjusted) in millions (000,000)",2021,3,41.17
1,"Table 1. Systemwide Passenger Enplanements on U.S. Airlines, Seasonally-Adjusted","Systemwide (Domestic + International) passenger enplanements (seasonally-adjusted) in millions (000,000)",2022,3,69.82
1,"Table 1. Systemwide Passenger Enplanements on U.S. Airlines, Seasonally-Adjusted","Systemwide (Domestic + International) passenger enplanements (seasonally-adjusted) in millions (000,000)",2023,3,75.99
1,"Table 1. Systemwide Passenger Enplanements on U.S. Airlines, Seasonally-Adjusted","Systemwide (Domestic + International) passenger enplanements (seasonally-adjusted) in millions (000,000)",2024,3,81.04
1,"Table 1. Systemwide Passenger Enplanements on U.S. Airlines, Seasonally-Adjusted","Systemwide (Domestic + International) passenger enplanements (seasonally-adjusted) in millions (000,000)",2021,4,46.78
1,"Table 1. Systemwide Passenger Enplanements on U.S. Airlines, Seasonally-Adjusted","Systemwide (Domestic + International) passenger enplanements (seasonally-adjusted) in millions (000,000)",2022,4,71.13
1,"Table 1. Systemwide Passenger Enplanements on U.S. Airlines, Seasonally-Adjusted","Systemwide (Domestic + International) passenger enplanements (seasonally-adjusted) in millions (000,000)",2023,4,77.6
1,"Table 1. Systemwide Passenger Enplanements on U.S. Airlines, Seasonally-Adjusted","Systemwide (Domestic + International) passenger enplanements (seasonally-adjusted) in millions (000,000)",2024,4,80.98
1,"Table 1. Systemwide Passenger Enplanements on U.S. Airlines, Seasonally-Adjusted","Systemwide (Domestic + International) passenger enplanements (seasonally-adjusted) in millions (000,000)",2021,5,54.92
1,"Table 1. Systemwide Passenger Enplanements on U.S. Airlines, Seasonally-Adjusted","Systemwide (Domestic + International) passenger enplanements (seasonally-adjusted) in millions (000,000)",2022,5,71.21
1,"Table 1. Systemwide Passenger Enplanements on U.S. Airlines, Seasonally-Adjusted","Systemwide (Domestic + International) passenger enplanements (seasonally-adjusted) in millions (000,000)",2023,5,76.92
1,"Table 1. Systemwide Passenger Enplanements on U.S. Airlines, Seasonally-Adjusted","Systemwide (Domestic + International) passenger enplanements (seasonally-adjusted) in millions (000,000)",2024,5,80.74
1,"Table 1. Systemwide Passenger Enplanements on U.S. Airlines, Seasonally-Adjusted","Systemwide (Domestic + International) passenger enplanements (seasonally-adjusted) in millions (000,000)",2021,6,60.88
1,"Table 1. Systemwide Passenger Enplanements on U.S. Airlines, Seasonally-Adjusted","Systemwide (Domestic + International) passenger enplanements (seasonally-adjusted) in millions (000,000)",2022,6,70.97
1,"Table 1. Systemwide Passenger Enplanements on U.S. Airlines, Seasonally-Adjusted","Systemwide (Domestic + International) passenger enplanements (seasonally-adjusted) in millions (000,000)",2023,6,75.9
1,"Table 1. Systemwide Passenger Enplanements on U.S. Airlines, Seasonally-Adjusted","Systemwide (Domestic + International) passenger enplanements (seasonally-adjusted) in millions (000,000)",2024,6,83.02
1,"Table 1. Systemwide Passenger Enplanements on U.S. Airlines, Seasonally-Adjusted","Systemwide (Domestic + International) passenger enplanements (seasonally-adjusted) in millions (000,000)",2021,7,64.73
1,"Table 1. Systemwide Passenger Enplanements on U.S. Airlines, Seasonally-Adjusted","Systemwide (Domestic + International) passenger enplanements (seasonally-adjusted) in millions (000,000)",2022,7,70.53
1,"Table 1. Systemwide Passenger Enplanements on U.S. Airlines, Seasonally-Adjusted","Systemwide (Domestic + International) passenger enplanements (seasonally-adjusted) in millions (000,000)",2023,7,78.32
1,"Table 1. Systemwide Passenger Enplanements on U.S. Airlines, Seasonally-Adjusted","Systemwide (Domestic + International) passenger enplanements (seasonally-adjusted) in millions (000,000)",2024,7,81.37
1,"Table 1. Systemwide Passenger Enplanements on U.S. Airlines, Seasonally-Adjusted","Systemwide (Domestic + International) passenger enplanements (seasonally-adjusted) in millions (000,000)",2021,8,62.7
1,"Table 1. Systemwide Passenger Enplanements on U.S. Airlines, Seasonally-Adjusted","Systemwide (Domestic + International) passenger enplanements (seasonally-adjusted) in millions (000,000)",2022,8,72.06
1,"Table 1. Systemwide Passenger Enplanements on U.S. Airlines, Seasonally-Adjusted","Systemwide (Domestic + International) passenger enplanements (seasonally-adjusted) in millions (000,000)",2023,8,78.34
1,"Table 1. Systemwide Passenger Enplanements on U.S. Airlines, Seasonally-Adjusted","Systemwide (Domestic + International) passenger enplanements (seasonally-adjusted) in millions (000,000)",2024,8,81.81
1,"Table 1. Systemwide Passenger Enplanements on U.S. Airlines, Seasonally-Adjusted","Systemwide (Domestic + International) passenger enplanements (seasonally-adjusted) in millions (000,000)",2021,9,62.07
1,"Table 1. Systemwide Passenger Enplanements on U.S. Airlines, Seasonally-Adjusted","Systemwide (Domestic + International) passenger enplanements (seasonally-adjusted) in millions (000,000)",2022,9,74.39
1,"Table 1. Systemwide Passenger Enplanements on U.S. Airlines, Seasonally-Adjusted","Systemwide (Domestic + International) passenger enplanements (seasonally-adjusted) in millions (000,000)",2023,9,80.2
1,"Table 1. Systemwide Passenger Enplanements on U.S. Airlines, Seasonally-Adjusted","Systemwide (Domestic + International) passenger enplanements (seasonally-adjusted) in millions (000,000)",2024,9,81.54
1,"Table 1. Systemwide Passenger Enplanements on U.S. Airlines, Seasonally-Adjusted","Systemwide (Domestic + International) passenger enplanements (seasonally-adjusted) in millions (000,000)",2021,10,64.22
1,"Table 1. Systemwide Passenger Enplanements on U.S. Airlines, Seasonally-Adjusted","Systemwide (Domestic + International) passenger enplanements (seasonally-adjusted) in millions (000,000)",2022,10,75.6
1,"Table 1. Systemwide Passenger Enplanements on U.S. Airlines, Seasonally-Adjusted","Systemwide (Domestic + International) passenger enplanements (seasonally-adjusted) in millions (000,000)",2023,10,80.93
1,"Table 1. Systemwide Passenger Enplanements on U.S. Airlines, Seasonally-Adjusted","Systemwide (Domestic + International) passenger enplanements (seasonally-adjusted) in millions (000,000)",2024,10,81.08
1,"Table 1. Systemwide Passenger Enplanements on U.S. Airlines, Seasonally-Adjusted","Systemwide (Domestic + International) passenger enplanements (seasonally-adjusted) in millions (000,000)",2021,11,68.84
1,"Table 1. Systemwide Passenger Enplanements on U.S. Airlines, Seasonally-Adjusted","Systemwide (Domestic + International) passenger enplanements (seasonally-adjusted) in millions (000,000)",2022,11,75.29
1,"Table 1. Systemwide Passenger Enplanements on U.S. Airlines, Seasonally-Adjusted","Systemwide (Domestic + International) passenger enplanements (seasonally-adjusted) in millions (000,000)",2023,11,81.07
1,"Table 1. Systemwide Passenger Enplanements on U.S. Airlines, Seasonally-Adjusted","Systemwide (Domestic + International) passenger enplanements (seasonally-adjusted) in millions (000,000)",2024,11,83.12
1,"Table 1. Systemwide Passenger Enplanements on U.S. Airlines, Seasonally-Adjusted","Systemwide (Domestic + International) passenger enplanements (seasonally-adjusted) in millions (000,000)",2021,12,68.24
1,"Table 1. Systemwide Passenger Enplanements on U.S. Airlines, Seasonally-Adjusted","Systemwide (Domestic + International) passenger enplanements (seasonally-adjusted) in millions (000,000)",2022,12,74.4
1,"Table 1. Systemwide Passenger Enplanements on U.S. Airlines, Seasonally-Adjusted","Systemwide (Domestic + International) passenger enplanements (seasonally-adjusted) in millions (000,000)",2023,12,81.45
1,"Table 1. Systemwide Passenger Enplanements on U.S. Airlines, Seasonally-Adjusted","Systemwide (Domestic + International) passenger enplanements (seasonally-adjusted) in millions (000,000)",2024,12,83.32
2,"Table 2. Domestic Passenger Enplanements on U.S. Airlines, Seasonally-Adjusted","Domestic passenger enplanements on U.S. airlines (seasonally-adjusted) in millions (000,000)",2021,1,28.32
2,"Table 2. Domestic Passenger Enplanements on U.S. Airlines, Seasonally-Adjusted","Domestic passenger enplanements on U.S. airlines (seasonally-adjusted) in millions (000,000)",2022,1,54.2
2,"Table 2. Domestic Passenger Enplanements on U.S. Airlines, Seasonally-Adjusted","Domestic passenger enplanements on U.S. airlines (seasonally-adjusted) in millions (000,000)",2023,1,68.16
2,"Table 2. Domestic Passenger Enplanements on U.S. Airlines, Seasonally-Adjusted","Domestic passenger enplanements on U.S. airlines (seasonally-adjusted) in millions (000,000)",2024,1,69.93
2,"Table 2. Domestic Passenger Enplanements on U.S. Airlines, Seasonally-Adjusted","Domestic passenger enplanements on U.S. airlines (seasonally-adjusted) in millions (000,000)",2021,2,29.53
2,"Table 2. Domestic Passenger Enplanements on U.S. Airlines, Seasonally-Adjusted","Domestic passenger enplanements on U.S. airlines (seasonally-adjusted) in millions (000,000)",2022,2,59.15
2,"Table 2. Domestic Passenger Enplanements on U.S. Airlines, Seasonally-Adjusted","Domestic passenger enplanements on U.S. airlines (seasonally-adjusted) in millions (000,000)",2023,2,68.33
2,"Table 2. Domestic Passenger Enplanements on U.S. Airlines, Seasonally-Adjusted","Domestic passenger enplanements on U.S. airlines (seasonally-adjusted) in millions (000,000)",2024,2,70.93
2,"Table 2. Domestic Passenger Enplanements on U.S. Airlines, Seasonally-Adjusted","Domestic passenger enplanements on U.S. airlines (seasonally-adjusted) in millions (000,000)",2021,3,37.8
2,"Table 2. Domestic Passenger Enplanements on U.S. Airlines, Seasonally-Adjusted","Domestic passenger enplanements on U.S. airlines (seasonally-adjusted) in millions (000,000)",2022,3,62.14
2,"Table 2. Domestic Passenger Enplanements on U.S. Airlines, Seasonally-Adjusted","Domestic passenger enplanements on U.S. airlines (seasonally-adjusted) in millions (000,000)",2023,3,66.23
2,"Table 2. Domestic Passenger Enplanements on U.S. Airlines, Seasonally-Adjusted","Domestic passenger enplanements on U.S. airlines (seasonally-adjusted) in millions (000,000)",2024,3,70.02
2,"Table 2. Domestic Passenger Enplanements on U.S. Airlines, Seasonally-Adjusted","Domestic passenger enplanements on U.S. airlines (seasonally-adjusted) in millions (000,000)",2021,4,42.79
2,"Table 2. Domestic Passenger Enplanements on U.S. Airlines, Seasonally-Adjusted","Domestic passenger enplanements on U.S. airlines (seasonally-adjusted) in millions (000,000)",2022,4,62.71
2,"Table 2. Domestic Passenger Enplanements on U.S. Airlines, Seasonally-Adjusted","Domestic passenger enplanements on U.S. airlines (seasonally-adjusted) in millions (000,000)",2023,4,67.56
2,"Table 2. Domestic Passenger Enplanements on U.S. Airlines, Seasonally-Adjusted","Domestic passenger enplanements on U.S. airlines (seasonally-adjusted) in millions (000,000)",2024,4,70.06
2,"Table 2. Domestic Passenger Enplanements on U.S. Airlines, Seasonally-Adjusted","Domestic passenger enplanements on U.S. airlines (seasonally-adjusted) in millions (000,000)",2021,5,50.22
2,"Table 2. Domestic Passenger Enplanements on U.S. Airlines, Seasonally-Adjusted","Domestic passenger enplanements on U.S. airlines (seasonally-adjusted) in millions (000,000)",2022,5,62.79
2,"Table 2. Domestic Passenger Enplanements on U.S. Airlines, Seasonally-Adjusted","Domestic passenger enplanements on U.S. airlines (seasonally-adjusted) in millions (000,000)",2023,5,66.96
2,"Table 2. Domestic Passenger Enplanements on U.S. Airlines, Seasonally-Adjusted","Domestic passenger enplanements on U.S. airlines (seasonally-adjusted) in millions (000,000)",2024,5,70.05
2,"Table 2. Domestic Passenger Enplanements on U.S. Airlines, Seasonally-Adjusted","Domestic passenger enplanements on U.S. airlines (seasonally-adjusted) in millions (000,000)",2021,6,55.62
2,"Table 2. Domestic Passenger Enplanements on U.S. Airlines, Seasonally-Adjusted","Domestic passenger enplanements on U.S. airlines (seasonally-adjusted) in millions (000,000)",2022,6,62.33
2,"Table 2. Domestic Passenger Enplanements on U.S. Airlines, Seasonally-Adjusted","Domestic passenger enplanements on U.S. airlines (seasonally-adjusted) in millions (000,000)",2023,6,66.04
2,"Table 2. Domestic Passenger Enplanements on U.S. Airlines, Seasonally-Adjusted","Domestic passenger enplanements on U.S. airlines (seasonally-adjusted) in millions (000,000)",2024,6,72.24
2,"Table 2. Domestic Passenger Enplanements on U.S. Airlines, Seasonally-Adjusted","Domestic passenger enplanements on U.S. airlines (seasonally-adjusted) in millions (000,000)",2021,7,59.04
2,"Table 2. Domestic Passenger Enplanements on U.S. Airlines, Seasonally-Adjusted","Domestic passenger enplanements on U.S. airlines (seasonally-adjusted) in millions (000,000)",2022,7,61.67
2,"Table 2. Domestic Passenger Enplanements on U.S. Airlines, Seasonally-Adjusted","Domestic passenger enplanements on U.S. airlines (seasonally-adjusted) in millions (000,000)",2023,7,68.24
2,"Table 2. Domestic Passenger Enplanements on U.S. Airlines, Seasonally-Adjusted","Domestic passenger enplanements on U.S. airlines (seasonally-adjusted) in millions (000,000)",2024,7,70.71
2,"Table 2. Domestic Passenger Enplanements on U.S. Airlines, Seasonally-Adjusted","Domestic passenger enplanements on U.S. airlines (seasonally-adjusted) in millions (000,000)",2021,8,57.05
2,"Table 2. Domestic Passenger Enplanements on U.S. Airlines, Seasonally-Adjusted","Domestic passenger enplanements on U.S. airlines (seasonally-adjusted) in millions (000,000)",2022,8,62.99
2,"Table 2. Domestic Passenger Enplanements on U.S. Airlines, Seasonally-Adjusted","Domestic passenger enplanements on U.S. airlines (seasonally-adjusted) in millions (000,000)",2023,8,67.98
2,"Table 2. Domestic Passenger Enplanements on U.S. Airlines, Seasonally-Adjusted","Domestic passenger enplanements on U.S. airlines (seasonally-adjusted) in millions (000,000)",2024,8,71.2
2,"Table 2. Domestic Passenger Enplanements on U.S. Airlines, Seasonally-Adjusted","Domestic passenger enplanements on U.S. airlines (seasonally-adjusted) in millions (000,000)",2021,9,56.62
2,"Table 2. Domestic Passenger Enplanements on U.S. Airlines, Seasonally-Adjusted","Domestic passenger enplanements on U.S. airlines (seasonally-adjusted) in millions (000,000)",2022,9,65.13
2,"Table 2. Domestic Passenger Enplanements on U.S. Airlines, Seasonally-Adjusted","Domestic passenger enplanements on U.S. airlines (seasonally-adjusted) in millions (000,000)",2023,9,69.66
2,"Table 2. Domestic Passenger Enplanements on U.S. Airlines, Seasonally-Adjusted","Domestic passenger enplanements on U.S. airlines (seasonally-adjusted) in millions (000,000)",2024,9,70.91
2,"Table 2. Domestic Passenger Enplanements on U.S. Airlines, Seasonally-Adjusted","Domestic passenger enplanements on U.S. airlines (seasonally-adjusted) in millions (000,000)",2021,10,58.24
2,"Table 2. Domestic Passenger Enplanements on U.S. Airlines, Seasonally-Adjusted","Domestic passenger enplanements on U.S. airlines (seasonally-adjusted) in millions (000,000)",2022,10,66.2
2,"Table 2. Domestic Passenger Enplanements on U.S. Airlines, Seasonally-Adjusted","Domestic passenger enplanements on U.S. airlines (seasonally-adjusted) in millions (000,000)",2023,10,70.2
2,"Table 2. Domestic Passenger Enplanements on U.S. Airlines, Seasonally-Adjusted","Domestic passenger enplanements on U.S. airlines (seasonally-adjusted) in millions (000,000)",2024,10,70.13
2,"Table 2. Domestic Passenger Enplanements on U.S. Airlines, Seasonally-Adjusted","Domestic passenger enplanements on U.S. airlines (seasonally-adjusted) in millions (000,000)",2021,11,61.93
2,"Table 2. Domestic Passenger Enplanements on U.S. Airlines, Seasonally-Adjusted","Domestic passenger enplanements on U.S. airlines (seasonally-adjusted) in millions (000,000)",2022,11,65.76
2,"Table 2. Domestic Passenger Enplanements on U.S. Airlines, Seasonally-Adjusted","Domestic passenger enplanements on U.S. airlines (seasonally-adjusted) in millions (000,000)",2023,11,70.37
2,"Table 2. Domestic Passenger Enplanements on U.S. Airlines, Seasonally-Adjusted","Domestic passenger enplanements on U.S. airlines (seasonally-adjusted) in millions (000,000)",2024,11,72.2
2,"Table 2. Domestic Passenger Enplanements on U.S. Airlines, Seasonally-Adjusted","Domestic passenger enplanements on U.S. airlines (seasonally-adjusted) in millions (000,000)",2021,12,61.12
2,"Table 2. Domestic Passenger Enplanements on U.S. Airlines, Seasonally-Adjusted","Domestic passenger enplanements on U.S. airlines (seasonally-adjusted) in millions (000,000)",2022,12,64.93
2,"Table 2. Domestic Passenger Enplanements on U.S. Airlines, Seasonally-Adjusted","Domestic passenger enplanements on U.S. airlines (seasonally-adjusted) in millions (000,000)",2023,12,70.59
2,"Table 2. Domestic Passenger Enplanements on U.S. Airlines, Seasonally-Adjusted","Domestic passenger enplanements on U.S. airlines (seasonally-adjusted) in millions (000,000)",2024,12,72.03
3,"Table 3. International Passenger Enplanements on U.S. Airlines, Seasonally-Adjusted","International passenger enplanements (seasonally-adjusted) in millions (000,000)",2021,1,3.16
3,"Table 3. International Passenger Enplanements on U.S. Airlines, Seasonally-Adjusted","International passenger enplanements (seasonally-adjusted) in millions (000,000)",2022,1,6.4
3,"Table 3. International Passenger Enplanements on U.S. Airlines, Seasonally-Adjusted","International passenger enplanements (seasonally-adjusted) in millions (000,000)",2023,1,9.66
3,"Table 3. International Passenger Enplanements on U.S. Airlines, Seasonally-Adjusted","International passenger enplanements (seasonally-adjusted) in millions (000,000)",2024,1,11.0
3,"Table 3. International Passenger Enplanements on U.S. Airlines, Seasonally-Adjusted","International passenger enplanements (seasonally-adjusted) in millions (000,000)",2021,2,2.6
3,"Table 3. International Passenger Enplanements on U.S. Airlines, Seasonally-Adjusted","International passenger enplanements (seasonally-adjusted) in millions (000,000)",2022,2,7.03
3,"Table 3. International Passenger Enplanements on U.S. Airlines, Seasonally-Adjusted","International passenger enplanements (seasonally-adjusted) in millions (000,000)",2023,2,9.91
3,"Table 3. International Passenger Enplanements on U.S. Airlines, Seasonally-Adjusted","International passenger enplanements (seasonally-adjusted) in millions (000,000)",2024,2,11.09
3,"Table 3. International Passenger Enplanements on U.S. Airlines, Seasonally-Adjusted","International passenger enplanements (seasonally-adjusted) in millions (000,000)",2021,3,3.38
3,"Table 3. International Passenger Enplanements on U.S. Airlines, Seasonally-Adjusted","International passenger enplanements (seasonally-adjusted) in millions (000,000)",2022,3,7.68
3,"Table 3. International Passenger Enplanements on U.S. Airlines, Seasonally-Adjusted","International passenger enplanements (seasonally-adjusted) in millions (000,000)",2023,3,9.76
3,"Table 3. International Passenger Enplanements on U.S. Airlines, Seasonally-Adjusted","International passenger enplanements (seasonally-adjusted) in millions (000,000)",2024,3,11.02
3,"Table 3. International Passenger Enplanements on U.S. Airlines, Seasonally-Adjusted","International passenger enplanements (seasonally-adjusted) in millions (000,000)",2021,4,3.99
3,"Table 3. International Passenger Enplanements on U.S. Airlines, Seasonally-Adjusted","International passenger enplanements (seasonally-adjusted) in millions (000,000)",2022,4,8.42
3,"Table 3. International Passenger Enplanements on U.S. Airlines, Seasonally-Adjusted","International passenger enplanements (seasonally-adjusted) in millions (000,000)",2023,4,10.03
3,"Table 3. International Passenger Enplanements on U.S. Airlines, Seasonally-Adjusted","International passenger enplanements (seasonally-adjusted) in millions (000,000)",2024,4,10.92
3,"Table 3. International Passenger Enplanements on U.S. Airlines, Seasonally-Adjusted","International passenger enplanements (seasonally-adjusted) in millions (000,000)",2021,5,4.7
3,"Table 3. International Passenger Enplanements on U.S. Airlines, Seasonally-Adjusted","International passenger enplanements (seasonally-adjusted) in millions (000,000)",2022,5,8.41
3,"Table 3. International Passenger Enplanements on U.S. Airlines, Seasonally-Adjusted","International passenger enplanements (seasonally-adjusted) in millions (000,000)",2023,5,9.96
3,"Table 3. International Passenger Enplanements on U.S. Airlines, Seasonally-Adjusted","International passenger enplanements (seasonally-adjusted) in millions (000,000)",2024,5,10.69
3,"Table 3. International Passenger Enplanements on U.S. Airlines, Seasonally-Adjusted","International passenger enplanements (seasonally-adjusted) in millions (000,000)",2021,6,5.26
3,"Table 3. International Passenger Enplanements on U.S. Airlines, Seasonally-Adjusted","International passenger enplanements (seasonally-adjusted) in millions (000,000)",2022,6,8.63
3,"Table 3. International Passenger Enplanements on U.S. Airlines, Seasonally-Adjusted","International passenger enplanements (seasonally-adjusted) in millions (000,000)",2023,6,9.86
3,"Table 3. International Passenger Enplanements on U.S. Airlines, Seasonally-Adjusted","International passenger enplanements (seasonally-adjusted) in millions (000,000)",2024,6,10.77
3,"Table 3. International Passenger Enplanements on U.S. Airlines, Seasonally-Adjusted","International passenger enplanements (seasonally-adjusted) in millions (000,000)",2021,7,5.69
3,"Table 3. International Passenger Enplanements on U.S. Airlines, Seasonally-Adjusted","International passenger enplanements (seasonally-adjusted) in millions (000,000)",2022,7,8.86
3,"Table 3. International Passenger Enplanements on U.S. Airlines, Seasonally-Adjusted","International passenger enplanements (seasonally-adjusted) in millions (000,000)",2023,7,10.08
3,"Table 3. International Passenger Enplanements on U.S. Airlines, Seasonally-Adjusted","International passenger enplanements (seasonally-adjusted) in millions (000,000)",2024,7,10.66
3,"Table 3. International Passenger Enplanements on U.S. Airlines, Seasonally-Adjusted","International passenger enplanements (seasonally-adjusted) in millions (000,000)",2021,8,5.65
3,"Table 3. International Passenger Enplanements on U.S. Airlines, Seasonally-Adjusted","International passenger enplanements (seasonally-adjusted) in millions (000,000)",2022,8,9.07
3,"Table 3. International Passenger Enplanements on U.S. Airlines, Seasonally-Adjusted","International passenger enplanements (seasonally-adjusted) in millions (000,000)",2023,8,10.36
3,"Table 3. International Passenger Enplanements on U.S. Airlines, Seasonally-Adjusted","International passenger enplanements (seasonally-adjusted) in millions (000,000)",2024,8,10.6
3,"Table 3. International Passenger Enplanements on U.S. Airlines, Seasonally-Adjusted","International passenger enplanements (seasonally-adjusted) in millions (000,000)",2021,9,5.45
3,"Table 3. International Passenger Enplanements on U.S. Airlines, Seasonally-Adjusted","International passenger enplanements (seasonally-adjusted) in millions (000,000)",2022,9,9.26
3,"Table 3. International Passenger Enplanements on U.S. Airlines, Seasonally-Adjusted","International passenger enplanements (seasonally-adjusted) in millions (000,000)",2023,9,10.54
3,"Table 3. International Passenger Enplanements on U.S. Airlines, Seasonally-Adjusted","International passenger enplanements (seasonally-adjusted) in millions (000,000)",2024,9,10.63
3,"Table 3. International Passenger Enplanements on U.S. Airlines, Seasonally-Adjusted","International passenger enplanements (seasonally-adjusted) in millions (000,000)",2021,10,5.97
3,"Table 3. International Passenger Enplanements on U.S. Airlines, Seasonally-Adjusted","International passenger enplanements (seasonally-adjusted) in millions (000,000)",2022,10,9.39
3,"Table 3. International Passenger Enplanements on U.S. Airlines, Seasonally-Adjusted","International passenger enplanements (seasonally-adjusted) in millions (000,000)",2023,10,10.73
3,"Table 3. International Passenger Enplanements on U.S. Airlines, Seasonally-Adjusted","International passenger enplanements (seasonally-adjusted) in millions (000,000)",2024,10,10.95
3,"Table 3. International Passenger Enplanements on U.S. Airlines, Seasonally-Adjusted","International passenger enplanements (seasonally-adjusted) in millions (000,000)",2021,11,6.92
3,"Table 3. International Passenger Enplanements on U.S. Airlines, Seasonally-Adjusted","International passenger enplanements (seasonally-adjusted) in millions (000,000)",2022,11,9.54
3,"Table 3. International Passenger Enplanements on U.S. Airlines, Seasonally-Adjusted","International passenger enplanements (seasonally-adjusted) in millions (000,000)",2023,11,10.69
3,"Table 3. International Passenger Enplanements on U.S. Airlines, Seasonally-Adjusted","International passenger enplanements (seasonally-adjusted) in millions (000,000)",2024,11,10.92
3,"Table 3. International Passenger Enplanements on U.S. Airlines, Seasonally-Adjusted","International passenger enplanements (seasonally-adjusted) in millions (000,000)",2021,12,7.13
3,"Table 3. International Passenger Enplanements on U.S. Airlines, Seasonally-Adjusted","International passenger enplanements (seasonally-adjusted) in millions (000,000)",2022,12,9.47
3,"Table 3. International Passenger Enplanements on U.S. Airlines, Seasonally-Adjusted","International passenger enplanements (seasonally-adjusted) in millions (000,000)",2023,12,10.87
3,"Table 3. International Passenger Enplanements on U.S. Airlines, Seasonally-Adjusted","International passenger enplanements (seasonally-adjusted) in millions (000,000)",2024,12,11.29
4,"Table 4. Systemwide Revenue Passenger-Miles (RPMs) on U.S. Airlines, Seasonally-Adjusted","Systemwide (Domestic + International) RPMs (seasonally-adjusted) in billions (000,000,000)",2021,1,31.5
4,"Table 4. Systemwide Revenue Passenger-Miles (RPMs) on U.S. Airlines, Seasonally-Adjusted","Systemwide (Domestic + International) RPMs (seasonally-adjusted) in billions (000,000,000)",2022,1,64.7
4,"Table 4. Systemwide Revenue Passenger-Miles (RPMs) on U.S. Airlines, Seasonally-Adjusted","Systemwide (Domestic + International) RPMs (seasonally-adjusted) in billions (000,000,000)",2023,1,87.6
4,"Table 4. Systemwide Revenue Passenger-Miles (RPMs) on U.S. Airlines, Seasonally-Adjusted","Systemwide (Domestic + International) RPMs (seasonally-adjusted) in billions (000,000,000)",2024,1,92.9
4,"Table 4. Systemwide Revenue Passenger-Miles (RPMs) on U.S. Airlines, Seasonally-Adjusted","Systemwide (Domestic + International) RPMs (seasonally-adjusted) in billions (000,000,000)",2021,2,31.9
4,"Table 4. Systemwide Revenue Passenger-Miles (RPMs) on U.S. Airlines, Seasonally-Adjusted","Systemwide (Domestic + International) RPMs (seasonally-adjusted) in billions (000,000,000)",2022,2,70.8
4,"Table 4. Systemwide Revenue Passenger-Miles (RPMs) on U.S. Airlines, Seasonally-Adjusted","Systemwide (Domestic + International) RPMs (seasonally-adjusted) in billions (000,000,000)",2023,2,87.9
4,"Table 4. Systemwide Revenue Passenger-Miles (RPMs) on U.S. Airlines, Seasonally-Adjusted","Systemwide (Domestic + International) RPMs (seasonally-adjusted) in billions (000,000,000)",2024,2,93.3
4,"Table 4. Systemwide Revenue Passenger-Miles (RPMs) on U.S. Airlines, Seasonally-Adjusted","Systemwide (Domestic + International) RPMs (seasonally-adjusted) in billions (000,000,000)",2021,3,41.5
4,"Table 4. Systemwide Revenue Passenger-Miles (RPMs) on U.S. Airlines, Seasonally-Adjusted","Systemwide (Domestic + International) RPMs (seasonally-adjusted) in billions (000,000,000)",2022,3,75.9
4,"Table 4. Systemwide Revenue Passenger-Miles (RPMs) on U.S. Airlines, Seasonally-Adjusted","Systemwide (Domestic + International) RPMs (seasonally-adjusted) in billions (000,000,000)",2023,3,87.4
4,"Table 4. Systemwide Revenue Passenger-Miles (RPMs) on U.S. Airlines, Seasonally-Adjusted","Systemwide (Domestic + International) RPMs (seasonally-adjusted) in billions (000,000,000)",2024,3,93.7
4,"Table 4. Systemwide Revenue Passenger-Miles (RPMs) on U.S. Airlines, Seasonally-Adjusted","Systemwide (Domestic + International) RPMs (seasonally-adjusted) in billions (000,000,000)",2021,4,47.3
4,"Table 4. Systemwide Revenue Passenger-Miles (RPMs) on U.S. Airlines, Seasonally-Adjusted","Systemwide (Domestic + International) RPMs (seasonally-adjusted) in billions (000,000,000)",2022,4,78.8
4,"Table 4. Systemwide Revenue Passenger-Miles (RPMs) on U.S. Airlines, Seasonally-Adjusted","Systemwide (Domestic + International) RPMs (seasonally-adjusted) in billions (000,000,000)",2023,4,88.3
4,"Table 4. Systemwide Revenue Passenger-Miles (RPMs) on U.S. Airlines, Seasonally-Adjusted","Systemwide (Domestic + International) RPMs (seasonally-adjusted) in billions (000,000,000)",2024,4,93.3
4,"Table 4. Systemwide Revenue Passenger-Miles (RPMs) on U.S. Airlines, Seasonally-Adjusted","Systemwide (Domestic + International) RPMs (seasonally-adjusted) in billions (000,000,000)",2021,5,54.9
4,"Table 4. Systemwide Revenue Passenger-Miles (RPMs) on U.S. Airlines, Seasonally-Adjusted","Systemwide (Domestic + International) RPMs (seasonally-adjusted) in billions (000,000,000)",2022,5,78.9
4,"Table 4. Systemwide Revenue Passenger-Miles (RPMs) on U.S. Airlines, Seasonally-Adjusted","Systemwide (Domestic + International) RPMs (seasonally-adjusted) in billions (000,000,000)",2023,5,88.7
4,"Table 4. Systemwide Revenue Passenger-Miles (RPMs) on U.S. Airlines, Seasonally-Adjusted","Systemwide (Domestic + International) RPMs (seasonally-adjusted) in billions (000,000,000)",2024,5,93.2
4,"Table 4. Systemwide Revenue Passenger-Miles (RPMs) on U.S. Airlines, Seasonally-Adjusted","Systemwide (Domestic + International) RPMs (seasonally-adjusted) in billions (000,000,000)",2021,6,62.3
4,"Table 4. Systemwide Revenue Passenger-Miles (RPMs) on U.S. Airlines, Seasonally-Adjusted","Systemwide (Domestic + International) RPMs (seasonally-adjusted) in billions (000,000,000)",2022,6,78.9
4,"Table 4. Systemwide Revenue Passenger-Miles (RPMs) on U.S. Airlines, Seasonally-Adjusted","Systemwide (Domestic + International) RPMs (seasonally-adjusted) in billions (000,000,000)",2023,6,88.1
4,"Table 4. Systemwide Revenue Passenger-Miles (RPMs) on U.S. Airlines, Seasonally-Adjusted","Systemwide (Domestic + International) RPMs (seasonally-adjusted) in billions (000,000,000)",2024,6,94.9
4,"Table 4. Systemwide Revenue Passenger-Miles (RPMs) on U.S. Airlines, Seasonally-Adjusted","Systemwide (Domestic + International) RPMs (seasonally-adjusted) in billions (000,000,000)",2021,7,67.3
4,"Table 4. Systemwide Revenue Passenger-Miles (RPMs) on U.S. Airlines, Seasonally-Adjusted","Systemwide (Domestic + International) RPMs (seasonally-adjusted) in billions (000,000,000)",2022,7,78.7
4,"Table 4. Systemwide Revenue Passenger-Miles (RPMs) on U.S. Airlines, Seasonally-Adjusted","Systemwide (Domestic + International) RPMs (seasonally-adjusted) in billions (000,000,000)",2023,7,89.4
4,"Table 4. Systemwide Revenue Passenger-Miles (RPMs) on U.S. Airlines, Seasonally-Adjusted","Systemwide (Domestic + International) RPMs (seasonally-adjusted) in billions (000,000,000)",2024,7,93.6
4,"Table 4. Systemwide Revenue Passenger-Miles (RPMs) on U.S. Airlines, Seasonally-Adjusted","Systemwide (Domestic + International) RPMs (seasonally-adjusted) in billions (000,000,000)",2021,8,66.2
4,"Table 4. Systemwide Revenue Passenger-Miles (RPMs) on U.S. Airlines, Seasonally-Adjusted","Systemwide (Domestic + International) RPMs (seasonally-adjusted) in billions (000,000,000)",2022,8,81.0
4,"Table 4. Systemwide Revenue Passenger-Miles (RPMs) on U.S. Airlines, Seasonally-Adjusted","Systemwide (Domestic + International) RPMs (seasonally-adjusted) in billions (000,000,000)",2023,8,89.9
4,"Table 4. Systemwide Revenue Passenger-Miles (RPMs) on U.S. Airlines, Seasonally-Adjusted","Systemwide (Domestic + International) RPMs (seasonally-adjusted) in billions (000,000,000)",2024,8,93.5
4,"Table 4. Systemwide Revenue Passenger-Miles (RPMs) on U.S. Airlines, Seasonally-Adjusted","Systemwide (Domestic + International) RPMs (seasonally-adjusted) in billions (000,000,000)",2021,9,64.4
4,"Table 4. Systemwide Revenue Passenger-Miles (RPMs) on U.S. Airlines, Seasonally-Adjusted","Systemwide (Domestic + International) RPMs (seasonally-adjusted) in billions (000,000,000)",2022,9,84.1
4,"Table 4. Systemwide Revenue Passenger-Miles (RPMs) on U.S. Airlines, Seasonally-Adjusted","Systemwide (Domestic + International) RPMs (seasonally-adjusted) in billions (000,000,000)",2023,9,92.0
4,"Table 4. Systemwide Revenue Passenger-Miles (RPMs) on U.S. Airlines, Seasonally-Adjusted","Systemwide (Domestic + International) RPMs (seasonally-adjusted) in billions (000,000,000)",2024,9,93.4
4,"Table 4. Systemwide Revenue Passenger-Miles (RPMs) on U.S. Airlines, Seasonally-Adjusted","Systemwide (Domestic + International) RPMs (seasonally-adjusted) in billions (000,000,000)",2021,10,66.9
4,"Table 4. Systemwide Revenue Passenger-Miles (RPMs) on U.S. Airlines, Seasonally-Adjusted","Systemwide (Domestic + International) RPMs (seasonally-adjusted) in billions (000,000,000)",2022,10,84.9
4,"Table 4. Systemwide Revenue Passenger-Miles (RPMs) on U.S. Airlines, Seasonally-Adjusted","Systemwide (Domestic + International) RPMs (seasonally-adjusted) in billions (000,000,000)",2023,10,93.5
4,"Table 4. Systemwide Revenue Passenger-Miles (RPMs) on U.S. Airlines, Seasonally-Adjusted","Systemwide (Domestic + International) RPMs (seasonally-adjusted) in billions (000,000,000)",2024,10,93.8
4,"Table 4. Systemwide Revenue Passenger-Miles (RPMs) on U.S. Airlines, Seasonally-Adjusted","Systemwide (Domestic + International) RPMs (seasonally-adjusted) in billions (000,000,000)",2021,11,72.4
4,"Table 4. Systemwide Revenue Passenger-Miles (RPMs) on U.S. Airlines, Seasonally-Adjusted","Systemwide (Domestic + International) RPMs (seasonally-adjusted) in billions (000,000,000)",2022,11,84.6
4,"Table 4. Systemwide Revenue Passenger-Miles (RPMs) on U.S. Airlines, Seasonally-Adjusted","Systemwide (Domestic + International) RPMs (seasonally-adjusted) in billions (000,000,000)",2023,11,92.7
4,"Table 4. Systemwide Revenue Passenger-Miles (RPMs) on U.S. Airlines, Seasonally-Adjusted","Systemwide (Domestic + International) RPMs (seasonally-adjusted) in billions (000,000,000)",2024,11,95.7
4,"Table 4. Systemwide Revenue Passenger-Miles (RPMs) on U.S. Airlines, Seasonally-Adjusted","Systemwide (Domestic + International) RPMs (seasonally-adjusted) in billions (000,000,000)",2021,12,73.7
4,"Table 4. Systemwide Revenue Passenger-Miles (RPMs) on U.S. Airlines, Seasonally-Adjusted","Systemwide (Domestic + International) RPMs (seasonally-adjusted) in billions (000,000,000)",2022,12,84.7
4,"Table 4. Systemwide Revenue Passenger-Miles (RPMs) on U.S. Airlines, Seasonally-Adjusted","Systemwide (Domestic + International) RPMs (seasonally-adjusted) in billions (000,000,000)",2023,12,93.3
4,"Table 4. Systemwide Revenue Passenger-Miles (RPMs) on U.S. Airlines, Seasonally-Adjusted","Systemwide (Domestic + International) RPMs (seasonally-adjusted) in billions (000,000,000)",2024,12,96.4
5,"Table 5. Domestic Revenue Passenger-Miles (RPMs) on U.S. Airlines, Seasonally-Adjusted","Domestic RPMs (seasonally-adjusted) in billions (000,000,000)",2021,1,25.5
5,"Table 5. Domestic Revenue Passenger-Miles (RPMs) on U.S. Airlines, Seasonally-Adjusted","Domestic RPMs (seasonally-adjusted) in billions (000,000,000)",2022,1,50.7
5,"Table 5. Domestic Revenue Passenger-Miles (RPMs) on U.S. Airlines, Seasonally-Adjusted","Domestic RPMs (seasonally-adjusted) in billions (000,000,000)",2023,1,63.8
5,"Table 5. Domestic Revenue Passenger-Miles (RPMs) on U.S. Airlines, Seasonally-Adjusted","Domestic RPMs (seasonally-adjusted) in billions (000,000,000)",2024,1,65.4
5,"Table 5. Domestic Revenue Passenger-Miles (RPMs) on U.S. Airlines, Seasonally-Adjusted","Domestic RPMs (seasonally-adjusted) in billions (000,000,000)",2021,2,26.9
5,"Table 5. Domestic Revenue Passenger-Miles (RPMs) on U.S. Airlines, Seasonally-Adjusted","Domestic RPMs (seasonally-adjusted) in billions (000,000,000)",2022,2,55.5
5,"Table 5. Domestic Revenue Passenger-Miles (RPMs) on U.S. Airlines, Seasonally-Adjusted","Domestic RPMs (seasonally-adjusted) in billions (000,000,000)",2023,2,63.5
5,"Table 5. Domestic Revenue Passenger-Miles (RPMs) on U.S. Airlines, Seasonally-Adjusted","Domestic RPMs (seasonally-adjusted) in billions (000,000,000)",2024,2,65.4
5,"Table 5. Domestic Revenue Passenger-Miles (RPMs) on U.S. Airlines, Seasonally-Adjusted","Domestic RPMs (seasonally-adjusted) in billions (000,000,000)",2021,3,35.3
5,"Table 5. Domestic Revenue Passenger-Miles (RPMs) on U.S. Airlines, Seasonally-Adjusted","Domestic RPMs (seasonally-adjusted) in billions (000,000,000)",2022,3,58.9
5,"Table 5. Domestic Revenue Passenger-Miles (RPMs) on U.S. Airlines, Seasonally-Adjusted","Domestic RPMs (seasonally-adjusted) in billions (000,000,000)",2023,3,62.6
5,"Table 5. Domestic Revenue Passenger-Miles (RPMs) on U.S. Airlines, Seasonally-Adjusted","Domestic RPMs (seasonally-adjusted) in billions (000,000,000)",2024,3,65.6
5,"Table 5. Domestic Revenue Passenger-Miles (RPMs) on U.S. Airlines, Seasonally-Adjusted","Domestic RPMs (seasonally-adjusted) in billions (000,000,000)",2021,4,40.4
5,"Table 5. Domestic Revenue Passenger-Miles (RPMs) on U.S. Airlines, Seasonally-Adjusted","Domestic RPMs (seasonally-adjusted) in billions (000,000,000)",2022,4,60.0
5,"Table 5. Domestic Revenue Passenger-Miles (RPMs) on U.S. Airlines, Seasonally-Adjusted","Domestic RPMs (seasonally-adjusted) in billions (000,000,000)",2023,4,63.3
5,"Table 5. Domestic Revenue Passenger-Miles (RPMs) on U.S. Airlines, Seasonally-Adjusted","Domestic RPMs (seasonally-adjusted) in billions (000,000,000)",2024,4,66.0
5,"Table 5. Domestic Revenue Passenger-Miles (RPMs) on U.S. Airlines, Seasonally-Adjusted","Domestic RPMs (seasonally-adjusted) in billions (000,000,000)",2021,5,47.2
5,"Table 5. Domestic Revenue Passenger-Miles (RPMs) on U.S. Airlines, Seasonally-Adjusted","Domestic RPMs (seasonally-adjusted) in billions (000,000,000)",2022,5,59.2
5,"Table 5. Domestic Revenue Passenger-Miles (RPMs) on U.S. Airlines, Seasonally-Adjusted","Domestic RPMs (seasonally-adjusted) in billions (000,000,000)",2023,5,63.3
5,"Table 5. Domestic Revenue Passenger-Miles (RPMs) on U.S. Airlines, Seasonally-Adjusted","Domestic RPMs (seasonally-adjusted) in billions (000,000,000)",2024,5,66.2
5,"Table 5. Domestic Revenue Passenger-Miles (RPMs) on U.S. Airlines, Seasonally-Adjusted","Domestic RPMs (seasonally-adjusted) in billions (000,000,000)",2021,6,53.2
5,"Table 5. Domestic Revenue Passenger-Miles (RPMs) on U.S. Airlines, Seasonally-Adjusted","Domestic RPMs (seasonally-adjusted) in billions (000,000,000)",2022,6,58.4
5,"Table 5. Domestic Revenue Passenger-Miles (RPMs) on U.S. Airlines, Seasonally-Adjusted","Domestic RPMs (seasonally-adjusted) in billions (000,000,000)",2023,6,63.1
5,"Table 5. Domestic Revenue Passenger-Miles (RPMs) on U.S. Airlines, Seasonally-Adjusted","Domestic RPMs (seasonally-adjusted) in billions (000,000,000)",2024,6,67.9
5,"Table 5. Domestic Revenue Passenger-Miles (RPMs) on U.S. Airlines, Seasonally-Adjusted","Domestic RPMs (seasonally-adjusted) in billions (000,000,000)",2021,7,56.6
5,"Table 5. Domestic Revenue Passenger-Miles (RPMs) on U.S. Airlines, Seasonally-Adjusted","Domestic RPMs (seasonally-adjusted) in billions (000,000,000)",2022,7,57.7
5,"Table 5. Domestic Revenue Passenger-Miles (RPMs) on U.S. Airlines, Seasonally-Adjusted","Domestic RPMs (seasonally-adjusted) in billions (000,000,000)",2023,7,64.2
5,"Table 5. Domestic Revenue Passenger-Miles (RPMs) on U.S. Airlines, Seasonally-Adjusted","Domestic RPMs (seasonally-adjusted) in billions (000,000,000)",2024,7,66.8
5,"Table 5. Domestic Revenue Passenger-Miles (RPMs) on U.S. Airlines, Seasonally-Adjusted","Domestic RPMs (seasonally-adjusted) in billions (000,000,000)",2021,8,54.9
5,"Table 5. Domestic Revenue Passenger-Miles (RPMs) on U.S. Airlines, Seasonally-Adjusted","Domestic RPMs (seasonally-adjusted) in billions (000,000,000)",2022,8,59.7
5,"Table 5. Domestic Revenue Passenger-Miles (RPMs) on U.S. Airlines, Seasonally-Adjusted","Domestic RPMs (seasonally-adjusted) in billions (000,000,000)",2023,8,64.3
5,"Table 5. Domestic Revenue Passenger-Miles (RPMs) on U.S. Airlines, Seasonally-Adjusted","Domestic RPMs (seasonally-adjusted) in billions (000,000,000)",2024,8,66.9
5,"Table 5. Domestic Revenue Passenger-Miles (RPMs) on U.S. Airlines, Seasonally-Adjusted","Domestic RPMs (seasonally-adjusted) in billions (000,000,000)",2021,9,53.7
5,"Table 5. Domestic Revenue Passenger-Miles (RPMs) on U.S. Airlines, Seasonally-Adjusted","Domestic RPMs (seasonally-adjusted) in billions (000,000,000)",2022,9,61.9
5,"Table 5. Domestic Revenue Passenger-Miles (RPMs) on U.S. Airlines, Seasonally-Adjusted","Domestic RPMs (seasonally-adjusted) in billions (000,000,000)",2023,9,65.6
5,"Table 5. Domestic Revenue Passenger-Miles (RPMs) on U.S. Airlines, Seasonally-Adjusted","Domestic RPMs (seasonally-adjusted) in billions (000,000,000)",2024,9,66.5
5,"Table 5. Domestic Revenue Passenger-Miles (RPMs) on U.S. Airlines, Seasonally-Adjusted","Domestic RPMs (seasonally-adjusted) in billions (000,000,000)",2021,10,55.5
5,"Table 5. Domestic Revenue Passenger-Miles (RPMs) on U.S. Airlines, Seasonally-Adjusted","Domestic RPMs (seasonally-adjusted) in billions (000,000,000)",2022,10,62.4
5,"Table 5. Domestic Revenue Passenger-Miles (RPMs) on U.S. Airlines, Seasonally-Adjusted","Domestic RPMs (seasonally-adjusted) in billions (000,000,000)",2023,10,66.7
5,"Table 5. Domestic Revenue Passenger-Miles (RPMs) on U.S. Airlines, Seasonally-Adjusted","Domestic RPMs (seasonally-adjusted) in billions (000,000,000)",2024,10,66.0
5,"Table 5. Domestic Revenue Passenger-Miles (RPMs) on U.S. Airlines, Seasonally-Adjusted","Domestic RPMs (seasonally-adjusted) in billions (000,000,000)",2021,11,57.8
5,"Table 5. Domestic Revenue Passenger-Miles (RPMs) on U.S. Airlines, Seasonally-Adjusted","Domestic RPMs (seasonally-adjusted) in billions (000,000,000)",2022,11,61.1
5,"Table 5. Domestic Revenue Passenger-Miles (RPMs) on U.S. Airlines, Seasonally-Adjusted","Domestic RPMs (seasonally-adjusted) in billions (000,000,000)",2023,11,65.5
5,"Table 5. Domestic Revenue Passenger-Miles (RPMs) on U.S. Airlines, Seasonally-Adjusted","Domestic RPMs (seasonally-adjusted) in billions (000,000,000)",2024,11,67.6
5,"Table 5. Domestic Revenue Passenger-Miles (RPMs) on U.S. Airlines, Seasonally-Adjusted","Domestic RPMs (seasonally-adjusted) in billions (000,000,000)",2021,12,58.2
5,"Table 5. Domestic Revenue Passenger-Miles (RPMs) on U.S. Airlines, Seasonally-Adjusted","Domestic RPMs (seasonally-adjusted) in billions (000,000,000)",2022,12,61.1
5,"Table 5. Domestic Revenue Passenger-Miles (RPMs) on U.S. Airlines, Seasonally-Adjusted","Domestic RPMs (seasonally-adjusted) in billions (000,000,000)",2023,12,66.0
5,"Table 5. Domestic Revenue Passenger-Miles (RPMs) on U.S. Airlines, Seasonally-Adjusted","Domestic RPMs (seasonally-adjusted) in billions (000,000,000)",2024,12,67.5
6,"Table 6. International Revenue Passenger-Miles (RPMs) on U.S. Airlines, Seasonally-Adjusted","International RPMs (seasonally-adjusted) in billions (000,000,000)",2021,1,6.0
6,"Table 6. International Revenue Passenger-Miles (RPMs) on U.S. Airlines, Seasonally-Adjusted","International RPMs (seasonally-adjusted) in billions (000,000,000)",2022,1,14.0
6,"Table 6. International Revenue Passenger-Miles (RPMs) on U.S. Airlines, Seasonally-Adjusted","International RPMs (seasonally-adjusted) in billions (000,000,000)",2023,1,23.7
6,"Table 6. International Revenue Passenger-Miles (RPMs) on U.S. Airlines, Seasonally-Adjusted","International RPMs (seasonally-adjusted) in billions (000,000,000)",2024,1,27.5
6,"Table 6. International Revenue Passenger-Miles (RPMs) on U.S. Airlines, Seasonally-Adjusted","International RPMs (seasonally-adjusted) in billions (000,000,000)",2021,2,5.1
6,"Table 6. International Revenue Passenger-Miles (RPMs) on U.S. Airlines, Seasonally-Adjusted","International RPMs (seasonally-adjusted) in billions (000,000,000)",2022,2,15.3
6,"Table 6. International Revenue Passenger-Miles (RPMs) on U.S. Airlines, Seasonally-Adjusted","International RPMs (seasonally-adjusted) in billions (000,000,000)",2023,2,24.4
6,"Table 6. International Revenue Passenger-Miles (RPMs) on U.S. Airlines, Seasonally-Adjusted","International RPMs (seasonally-adjusted) in billions (000,000,000)",2024,2,27.9
6,"Table 6. International Revenue Passenger-Miles (RPMs) on U.S. Airlines, Seasonally-Adjusted","International RPMs (seasonally-adjusted) in billions (000,000,000)",2021,3,6.2
6,"Table 6. International Revenue Passenger-Miles (RPMs) on U.S. Airlines, Seasonally-Adjusted","International RPMs (seasonally-adjusted) in billions (000,000,000)",2022,3,17.0
6,"Table 6. International Revenue Passenger-Miles (RPMs) on U.S. Airlines, Seasonally-Adjusted","International RPMs (seasonally-adjusted) in billions (000,000,000)",2023,3,24.8
6,"Table 6. International Revenue Passenger-Miles (RPMs) on U.S. Airlines, Seasonally-Adjusted","International RPMs (seasonally-adjusted) in billions (000,000,000)",2024,3,28.2
6,"Table 6. International Revenue Passenger-Miles (RPMs) on U.S. Airlines, Seasonally-Adjusted","International RPMs (seasonally-adjusted) in billions (000,000,000)",2021,4,6.8
6,"Table 6. International Revenue Passenger-Miles (RPMs) on U.S. Airlines, Seasonally-Adjusted","International RPMs (seasonally-adjusted) in billions (000,000,000)",2022,4,18.8
6,"Table 6. International Revenue Passenger-Miles (RPMs) on U.S. Airlines, Seasonally-Adjusted","International RPMs (seasonally-adjusted) in billions (000,000,000)",2023,4,25.0
6,"Table 6. International Revenue Passenger-Miles (RPMs) on U.S. Airlines, Seasonally-Adjusted","International RPMs (seasonally-adjusted) in billions (000,000,000)",2024,4,27.3
6,"Table 6. International Revenue Passenger-Miles (RPMs) on U.S. Airlines, Seasonally-Adjusted","International RPMs (seasonally-adjusted) in billions (000,000,000)",2021,5,7.7
6,"Table 6. International Revenue Passenger-Miles (RPMs) on U.S. Airlines, Seasonally-Adjusted","International RPMs (seasonally-adjusted) in billions (000,000,000)",2022,5,19.7
6,"Table 6. International Revenue Passenger-Miles (RPMs) on U.S. Airlines, Seasonally-Adjusted","International RPMs (seasonally-adjusted) in billions (000,000,000)",2023,5,25.4
6,"Table 6. International Revenue Passenger-Miles (RPMs) on U.S. Airlines, Seasonally-Adjusted","International RPMs (seasonally-adjusted) in billions (000,000,000)",2024,5,27.1
6,"Table 6. International Revenue Passenger-Miles (RPMs) on U.S. Airlines, Seasonally-Adjusted","International RPMs (seasonally-adjusted) in billions (000,000,000)",2021,6,9.2
6,"Table 6. International Revenue Passenger-Miles (RPMs) on U.S. Airlines, Seasonally-Adjusted","International RPMs (seasonally-adjusted) in billions (000,000,000)",2022,6,20.5
6,"Table 6. International Revenue Passenger-Miles (RPMs) on U.S. Airlines, Seasonally-Adjusted","International RPMs (seasonally-adjusted) in billions (000,000,000)",2023,6,25.1
6,"Table 6. International Revenue Passenger-Miles (RPMs) on U.S. Airlines, Seasonally-Adjusted","International RPMs (seasonally-adjusted) in billions (000,000,000)",2024,6,27.0
6,"Table 6. International Revenue Passenger-Miles (RPMs) on U.S. Airlines, Seasonally-Adjusted","International RPMs (seasonally-adjusted) in billions (000,000,000)",2021,7,10.8
6,"Table 6. International Revenue Passenger-Miles (RPMs) on U.S. Airlines, Seasonally-Adjusted","International RPMs (seasonally-adjusted) in billions (000,000,000)",2022,7,21.0
6,"Table 6. International Revenue Passenger-Miles (RPMs) on U.S. Airlines, Seasonally-Adjusted","International RPMs (seasonally-adjusted) in billions (000,000,000)",2023,7,25.2
6,"Table 6. International Revenue Passenger-Miles (RPMs) on U.S. Airlines, Seasonally-Adjusted","International RPMs (seasonally-adjusted) in billions (000,000,000)",2024,7,26.8
6,"Table 6. International Revenue Passenger-Miles (RPMs) on U.S. Airlines, Seasonally-Adjusted","International RPMs (seasonally-adjusted) in billions (000,000,000)",2021,8,11.3
6,"Table 6. International Revenue Passenger-Miles (RPMs) on U.S. Airlines, Seasonally-Adjusted","International RPMs (seasonally-adjusted) in billions (000,000,000)",2022,8,21.3
6,"Table 6. International Revenue Passenger-Miles (RPMs) on U.S. Airlines, Seasonally-Adjusted","International RPMs (seasonally-adjusted) in billions (000,000,000)",2023,8,25.6
6,"Table 6. International Revenue Passenger-Miles (RPMs) on U.S. Airlines, Seasonally-Adjusted","International RPMs (seasonally-adjusted) in billions (000,000,000)",2024,8,26.6
6,"Table 6. International Revenue Passenger-Miles (RPMs) on U.S. Airlines, Seasonally-Adjusted","International RPMs (seasonally-adjusted) in billions (000,000,000)",2021,9,10.6
6,"Table 6. International Revenue Passenger-Miles (RPMs) on U.S. Airlines, Seasonally-Adjusted","International RPMs (seasonally-adjusted) in billions (000,000,000)",2022,9,22.2
6,"Table 6. International Revenue Passenger-Miles (RPMs) on U.S. Airlines, Seasonally-Adjusted","International RPMs (seasonally-adjusted) in billions (000,000,000)",2023,9,26.4
6,"Table 6. International Revenue Passenger-Miles (RPMs) on U.S. Airlines, Seasonally-Adjusted","International RPMs (seasonally-adjusted) in billions (000,000,000)",2024,9,27.0
6,"Table 6. International Revenue Passenger-Miles (RPMs) on U.S. Airlines, Seasonally-Adjusted","International RPMs (seasonally-adjusted) in billions (000,000,000)",2021,10,11.4
6,"Table 6. International Revenue Passenger-Miles (RPMs) on U.S. Airlines, Seasonally-Adjusted","International RPMs (seasonally-adjusted) in billions (000,000,000)",2022,10,22.5
6,"Table 6. International Revenue Passenger-Miles (RPMs) on U.S. Airlines, Seasonally-Adjusted","International RPMs (seasonally-adjusted) in billions (000,000,000)",2023,10,26.7
6,"Table 6. International Revenue Passenger-Miles (RPMs) on U.S. Airlines, Seasonally-Adjusted","International RPMs (seasonally-adjusted) in billions (000,000,000)",2024,10,27.8
6,"Table 6. International Revenue Passenger-Miles (RPMs) on U.S. Airlines, Seasonally-Adjusted","International RPMs (seasonally-adjusted) in billions (000,000,000)",2021,11,14.6
6,"Table 6. International Revenue Passenger-Miles (RPMs) on U.S. Airlines, Seasonally-Adjusted","International RPMs (seasonally-adjusted) in billions (000,000,000)",2022,11,23.5
6,"Table 6. International Revenue Passenger-Miles (RPMs) on U.S. Airlines, Seasonally-Adjusted","International RPMs (seasonally-adjusted) in billions (000,000,000)",2023,11,27.2
6,"Table 6. International Revenue Passenger-Miles (RPMs) on U.S. Airlines, Seasonally-Adjusted","International RPMs (seasonally-adjusted) in billions (000,000,000)",2024,11,28.1
6,"Table 6. International Revenue Passenger-Miles (RPMs) on U.S. Airlines, Seasonally-Adjusted","International RPMs (seasonally-adjusted) in billions (000,000,000)",2021,12,15.5
6,"Table 6. International Revenue Passenger-Miles (RPMs) on U.S. Airlines, Seasonally-Adjusted","International RPMs (seasonally-adjusted) in billions (000,000,000)",2022,12,23.6
6,"Table 6. International Revenue Passenger-Miles (RPMs) on U.S. Airlines, Seasonally-Adjusted","International RPMs (seasonally-adjusted) in billions (000,000,000)",2023,12,27.3
6,"Table 6. International Revenue Passenger-Miles (RPMs) on U.S. Airlines, Seasonally-Adjusted","International RPMs (seasonally-adjusted) in billions (000,000,000)",2024,12,28.9
7,"Table 7. Systemwide Available Seat-Miles (ASMs) on U.S. Airlines, Seasonally-Adjusted","Systemwide (Domestic + International) ASMs (seasonally-adjusted) in billions (000,000,000)",2021,1,58.7
7,"Table 7. Systemwide Available Seat-Miles (ASMs) on U.S. Airlines, Seasonally-Adjusted","Systemwide (Domestic + International) ASMs (seasonally-adjusted) in billions (000,000,000)",2022,1,90.9
7,"Table 7. Systemwide Available Seat-Miles (ASMs) on U.S. Airlines, Seasonally-Adjusted","Systemwide (Domestic + International) ASMs (seasonally-adjusted) in billions (000,000,000)",2023,1,105.5
7,"Table 7. Systemwide Available Seat-Miles (ASMs) on U.S. Airlines, Seasonally-Adjusted","Systemwide (Domestic + International) ASMs (seasonally-adjusted) in billions (000,000,000)",2024,1,110.5
7,"Table 7. Systemwide Available Seat-Miles (ASMs) on U.S. Airlines, Seasonally-Adjusted","Systemwide (Domestic + International) ASMs (seasonally-adjusted) in billions (000,000,000)",2021,2,57.0
7,"Table 7. Systemwide Available Seat-Miles (ASMs) on U.S. Airlines, Seasonally-Adjusted","Systemwide (Domestic + International) ASMs (seasonally-adjusted) in billions (000,000,000)",2022,2,92.1
7,"Table 7. Systemwide Available Seat-Miles (ASMs) on U.S. Airlines, Seasonally-Adjusted","Systemwide (Domestic + International) ASMs (seasonally-adjusted) in billions (000,000,000)",2023,2,106.2
7,"Table 7. Systemwide Available Seat-Miles (ASMs) on U.S. Airlines, Seasonally-Adjusted","Systemwide (Domestic + International) ASMs (seasonally-adjusted) in billions (000,000,000)",2024,2,112.1
7,"Table 7. Systemwide Available Seat-Miles (ASMs) on U.S. Airlines, Seasonally-Adjusted","Systemwide (Domestic + International) ASMs (seasonally-adjusted) in billions (000,000,000)",2021,3,66.2
7,"Table 7. Systemwide Available Seat-Miles (ASMs) on U.S. Airlines, Seasonally-Adjusted","Systemwide (Domestic + International) ASMs (seasonally-adjusted) in billions (000,000,000)",2022,3,92.7
7,"Table 7. Systemwide Available Seat-Miles (ASMs) on U.S. Airlines, Seasonally-Adjusted","Systemwide (Domestic + International) ASMs (seasonally-adjusted) in billions (000,000,000)",2023,3,105.7
7,"Table 7. Systemwide Available Seat-Miles (ASMs) on U.S. Airlines, Seasonally-Adjusted","Systemwide (Domestic + International) ASMs (seasonally-adjusted) in billions (000,000,000)",2024,3,114.0
7,"Table 7. Systemwide Available Seat-Miles (ASMs) on U.S. Airlines, Seasonally-Adjusted","Systemwide (Domestic + International) ASMs (seasonally-adjusted) in billions (000,000,000)",2021,4,70.1
7,"Table 7. Systemwide Available Seat-Miles (ASMs) on U.S. Airlines, Seasonally-Adjusted","Systemwide (Domestic + International) ASMs (seasonally-adjusted) in billions (000,000,000)",2022,4,94.2
7,"Table 7. Systemwide Available Seat-Miles (ASMs) on U.S. Airlines, Seasonally-Adjusted","Systemwide (Domestic + International) ASMs (seasonally-adjusted) in billions (000,000,000)",2023,4,106.1
7,"Table 7. Systemwide Available Seat-Miles (ASMs) on U.S. Airlines, Seasonally-Adjusted","Systemwide (Domestic + International) ASMs (seasonally-adjusted) in billions (000,000,000)",2024,4,113.7
7,"Table 7. Systemwide Available Seat-Miles (ASMs) on U.S. Airlines, Seasonally-Adjusted","Systemwide (Domestic + International) ASMs (seasonally-adjusted) in billions (000,000,000)",2021,5,75.0
7,"Table 7. Systemwide Available Seat-Miles (ASMs) on U.S. Airlines, Seasonally-Adjusted","Systemwide (Domestic + International) ASMs (seasonally-adjusted) in billions (000,000,000)",2022,5,94.6
7,"Table 7. Systemwide Available Seat-Miles (ASMs) on U.S. Airlines, Seasonally-Adjusted","Systemwide (Domestic + International) ASMs (seasonally-adjusted) in billions (000,000,000)",2023,5,106.7
7,"Table 7. Systemwide Available Seat-Miles (ASMs) on U.S. Airlines, Seasonally-Adjusted","Systemwide (Domestic + International) ASMs (seasonally-adjusted) in billions (000,000,000)",2024,5,113.6
7,"Table 7. Systemwide Available Seat-Miles (ASMs) on U.S. Airlines, Seasonally-Adjusted","Systemwide (Domestic + International) ASMs (seasonally-adjusted) in billions (000,000,000)",2021,6,80.0
7,"Table 7. Systemwide Available Seat-Miles (ASMs) on U.S. Airlines, Seasonally-Adjusted","Systemwide (Domestic + International) ASMs (seasonally-adjusted) in billions (000,000,000)",2022,6,92.7
7,"Table 7. Systemwide Available Seat-Miles (ASMs) on U.S. Airlines, Seasonally-Adjusted","Systemwide (Domestic + International) ASMs (seasonally-adjusted) in billions (000,000,000)",2023,6,104.9
7,"Table 7. Systemwide Available Seat-Miles (ASMs) on U.S. Airlines, Seasonally-Adjusted","Systemwide (Domestic + International) ASMs (seasonally-adjusted) in billions (000,000,000)",2024,6,113.5
7,"Table 7. Systemwide Available Seat-Miles (ASMs) on U.S. Airlines, Seasonally-Adjusted","Systemwide (Domestic + International) ASMs (seasonally-adjusted) in billions (000,000,000)",2021,7,84.5
7,"Table 7. Systemwide Available Seat-Miles (ASMs) on U.S. Airlines, Seasonally-Adjusted","Systemwide (Domestic + International) ASMs (seasonally-adjusted) in billions (000,000,000)",2022,7,95.4
7,"Table 7. Systemwide Available Seat-Miles (ASMs) on U.S. Airlines, Seasonally-Adjusted","Systemwide (Domestic + International) ASMs (seasonally-adjusted) in billions (000,000,000)",2023,7,107.3
7,"Table 7. Systemwide Available Seat-Miles (ASMs) on U.S. Airlines, Seasonally-Adjusted","Systemwide (Domestic + International) ASMs (seasonally-adjusted) in billions (000,000,000)",2024,7,113.1
7,"Table 7. Systemwide Available Seat-Miles (ASMs) on U.S. Airlines, Seasonally-Adjusted","Systemwide (Domestic + International) ASMs (seasonally-adjusted) in billions (000,000,000)",2021,8,84.7
7,"Table 7. Systemwide Available Seat-Miles (ASMs) on U.S. Airlines, Seasonally-Adjusted","Systemwide (Domestic + International) ASMs (seasonally-adjusted) in billions (000,000,000)",2022,8,96.0
7,"Table 7. Systemwide Available Seat-Miles (ASMs) on U.S. Airlines, Seasonally-Adjusted","Systemwide (Domestic + International) ASMs (seasonally-adjusted) in billions (000,000,000)",2023,8,108.9
7,"Table 7. Systemwide Available Seat-Miles (ASMs) on U.S. Airlines, Seasonally-Adjusted","Systemwide (Domestic + International) ASMs (seasonally-adjusted) in billions (000,000,000)",2024,8,111.5
7,"Table 7. Systemwide Available Seat-Miles (ASMs) on U.S. Airlines, Seasonally-Adjusted","Systemwide (Domestic + International) ASMs (seasonally-adjusted) in billions (000,000,000)",2021,9,86.2
7,"Table 7. Systemwide Available Seat-Miles (ASMs) on U.S. Airlines, Seasonally-Adjusted","Systemwide (Domestic + International) ASMs (seasonally-adjusted) in billions (000,000,000)",2022,9,97.2
7,"Table 7. Systemwide Available Seat-Miles (ASMs) on U.S. Airlines, Seasonally-Adjusted","Systemwide (Domestic + International) ASMs (seasonally-adjusted) in billions (000,000,000)",2023,9,109.6
7,"Table 7. Systemwide Available Seat-Miles (ASMs) on U.S. Airlines, Seasonally-Adjusted","Systemwide (Domestic + International) ASMs (seasonally-adjusted) in billions (000,000,000)",2024,9,111.4
7,"Table 7. Systemwide Available Seat-Miles (ASMs) on U.S. Airlines, Seasonally-Adjusted","Systemwide (Domestic + International) ASMs (seasonally-adjusted) in billions (000,000,000)",2021,10,86.9
7,"Table 7. Systemwide Available Seat-Miles (ASMs) on U.S. Airlines, Seasonally-Adjusted","Systemwide (Domestic + International) ASMs (seasonally-adjusted) in billions (000,000,000)",2022,10,98.0
7,"Table 7. Systemwide Available Seat-Miles (ASMs) on U.S. Airlines, Seasonally-Adjusted","Systemwide (Domestic + International) ASMs (seasonally-adjusted) in billions (000,000,000)",2023,10,111.1
7,"Table 7. Systemwide Available Seat-Miles (ASMs) on U.S. Airlines, Seasonally-Adjusted","Systemwide (Domestic + International) ASMs (seasonally-adjusted) in billions (000,000,000)",2024,10,112.1
7,"Table 7. Systemwide Available Seat-Miles (ASMs) on U.S. Airlines, Seasonally-Adjusted","Systemwide (Domestic + International) ASMs (seasonally-adjusted) in billions (000,000,000)",2021,11,89.7
7,"Table 7. Systemwide Available Seat-Miles (ASMs) on U.S. Airlines, Seasonally-Adjusted","Systemwide (Domestic + International) ASMs (seasonally-adjusted) in billions (000,000,000)",2022,11,98.9
7,"Table 7. Systemwide Available Seat-Miles (ASMs) on U.S. Airlines, Seasonally-Adjusted","Systemwide (Domestic + International) ASMs (seasonally-adjusted) in billions (000,000,000)",2023,11,110.4
7,"Table 7. Systemwide Available Seat-Miles (ASMs) on U.S. Airlines, Seasonally-Adjusted","Systemwide (Domestic + International) ASMs (seasonally-adjusted) in billions (000,000,000)",2024,11,111.8
7,"Table 7. Systemwide Available Seat-Miles (ASMs) on U.S. Airlines, Seasonally-Adjusted","Systemwide (Domestic + International) ASMs (seasonally-adjusted) in billions (000,000,000)",2021,12,89.9
7,"Table 7. Systemwide Available Seat-Miles (ASMs) on U.S. Airlines, Seasonally-Adjusted","Systemwide (Domestic + International) ASMs (seasonally-adjusted) in billions (000,000,000)",2022,12,98.5
7,"Table 7. Systemwide Available Seat-Miles (ASMs) on U.S. Airlines, Seasonally-Adjusted","Systemwide (Domestic + International) ASMs (seasonally-adjusted) in billions (000,000,000)",2023,12,111.4
7,"Table 7. Systemwide Available Seat-Miles (ASMs) on U.S. Airlines, Seasonally-Adjusted","Systemwide (Domestic + International) ASMs (seasonally-adjusted) in billions (000,000,000)",2024,12,114.1
8,"Table 8. Domestic Available Seat-Miles (ASMs) on U.S. Airlines, Seasonally-Adjusted","Domestic ASMs (seasonally-adjusted) in billions (000,000,000)",2021,1,45.1
8,"Table 8. Domestic Available Seat-Miles (ASMs) on U.S. Airlines, Seasonally-Adjusted","Domestic ASMs (seasonally-adjusted) in billions (000,000,000)",2022,1,69.0
8,"Table 8. Domestic Available Seat-Miles (ASMs) on U.S. Airlines, Seasonally-Adjusted","Domestic ASMs (seasonally-adjusted) in billions (000,000,000)",2023,1,77.3
8,"Table 8. Domestic Available Seat-Miles (ASMs) on U.S. Airlines, Seasonally-Adjusted","Domestic ASMs (seasonally-adjusted) in billions (000,000,000)",2024,1,77.3
8,"Table 8. Domestic Available Seat-Miles (ASMs) on U.S. Airlines, Seasonally-Adjusted","Domestic ASMs (seasonally-adjusted) in billions (000,000,000)",2021,2,43.8
8,"Table 8. Domestic Available Seat-Miles (ASMs) on U.S. Airlines, Seasonally-Adjusted","Domestic ASMs (seasonally-adjusted) in billions (000,000,000)",2022,2,69.9
8,"Table 8. Domestic Available Seat-Miles (ASMs) on U.S. Airlines, Seasonally-Adjusted","Domestic ASMs (seasonally-adjusted) in billions (000,000,000)",2023,2,77.2
8,"Table 8. Domestic Available Seat-Miles (ASMs) on U.S. Airlines, Seasonally-Adjusted","Domestic ASMs (seasonally-adjusted) in billions (000,000,000)",2024,2,78.4
8,"Table 8. Domestic Available Seat-Miles (ASMs) on U.S. Airlines, Seasonally-Adjusted","Domestic ASMs (seasonally-adjusted) in billions (000,000,000)",2021,3,52.1
8,"Table 8. Domestic Available Seat-Miles (ASMs) on U.S. Airlines, Seasonally-Adjusted","Domestic ASMs (seasonally-adjusted) in billions (000,000,000)",2022,3,69.9
8,"Table 8. Domestic Available Seat-Miles (ASMs) on U.S. Airlines, Seasonally-Adjusted","Domestic ASMs (seasonally-adjusted) in billions (000,000,000)",2023,3,76.1
8,"Table 8. Domestic Available Seat-Miles (ASMs) on U.S. Airlines, Seasonally-Adjusted","Domestic ASMs (seasonally-adjusted) in billions (000,000,000)",2024,3,79.7
8,"Table 8. Domestic Available Seat-Miles (ASMs) on U.S. Airlines, Seasonally-Adjusted","Domestic ASMs (seasonally-adjusted) in billions (000,000,000)",2021,4,55.6
8,"Table 8. Domestic Available Seat-Miles (ASMs) on U.S. Airlines, Seasonally-Adjusted","Domestic ASMs (seasonally-adjusted) in billions (000,000,000)",2022,4,70.1
8,"Table 8. Domestic Available Seat-Miles (ASMs) on U.S. Airlines, Seasonally-Adjusted","Domestic ASMs (seasonally-adjusted) in billions (000,000,000)",2023,4,75.9
8,"Table 8. Domestic Available Seat-Miles (ASMs) on U.S. Airlines, Seasonally-Adjusted","Domestic ASMs (seasonally-adjusted) in billions (000,000,000)",2024,4,80.3
8,"Table 8. Domestic Available Seat-Miles (ASMs) on U.S. Airlines, Seasonally-Adjusted","Domestic ASMs (seasonally-adjusted) in billions (000,000,000)",2021,5,60.4
8,"Table 8. Domestic Available Seat-Miles (ASMs) on U.S. Airlines, Seasonally-Adjusted","Domestic ASMs (seasonally-adjusted) in billions (000,000,000)",2022,5,69.6
8,"Table 8. Domestic Available Seat-Miles (ASMs) on U.S. Airlines, Seasonally-Adjusted","Domestic ASMs (seasonally-adjusted) in billions (000,000,000)",2023,5,76.4
8,"Table 8. Domestic Available Seat-Miles (ASMs) on U.S. Airlines, Seasonally-Adjusted","Domestic ASMs (seasonally-adjusted) in billions (000,000,000)",2024,5,80.5
8,"Table 8. Domestic Available Seat-Miles (ASMs) on U.S. Airlines, Seasonally-Adjusted","Domestic ASMs (seasonally-adjusted) in billions (000,000,000)",2021,6,64.3
8,"Table 8. Domestic Available Seat-Miles (ASMs) on U.S. Airlines, Seasonally-Adjusted","Domestic ASMs (seasonally-adjusted) in billions (000,000,000)",2022,6,67.2
8,"Table 8. Domestic Available Seat-Miles (ASMs) on U.S. Airlines, Seasonally-Adjusted","Domestic ASMs (seasonally-adjusted) in billions (000,000,000)",2023,6,74.3
8,"Table 8. Domestic Available Seat-Miles (ASMs) on U.S. Airlines, Seasonally-Adjusted","Domestic ASMs (seasonally-adjusted) in billions (000,000,000)",2024,6,80.3
8,"Table 8. Domestic Available Seat-Miles (ASMs) on U.S. Airlines, Seasonally-Adjusted","Domestic ASMs (seasonally-adjusted) in billions (000,000,000)",2021,7,67.9
8,"Table 8. Domestic Available Seat-Miles (ASMs) on U.S. Airlines, Seasonally-Adjusted","Domestic ASMs (seasonally-adjusted) in billions (000,000,000)",2022,7,69.7
8,"Table 8. Domestic Available Seat-Miles (ASMs) on U.S. Airlines, Seasonally-Adjusted","Domestic ASMs (seasonally-adjusted) in billions (000,000,000)",2023,7,76.5
8,"Table 8. Domestic Available Seat-Miles (ASMs) on U.S. Airlines, Seasonally-Adjusted","Domestic ASMs (seasonally-adjusted) in billions (000,000,000)",2024,7,80.1
8,"Table 8. Domestic Available Seat-Miles (ASMs) on U.S. Airlines, Seasonally-Adjusted","Domestic ASMs (seasonally-adjusted) in billions (000,000,000)",2021,8,67.5
8,"Table 8. Domestic Available Seat-Miles (ASMs) on U.S. Airlines, Seasonally-Adjusted","Domestic ASMs (seasonally-adjusted) in billions (000,000,000)",2022,8,69.7
8,"Table 8. Domestic Available Seat-Miles (ASMs) on U.S. Airlines, Seasonally-Adjusted","Domestic ASMs (seasonally-adjusted) in billions (000,000,000)",2023,8,77.5
8,"Table 8. Domestic Available Seat-Miles (ASMs) on U.S. Airlines, Seasonally-Adjusted","Domestic ASMs (seasonally-adjusted) in billions (000,000,000)",2024,8,79.0
8,"Table 8. Domestic Available Seat-Miles (ASMs) on U.S. Airlines, Seasonally-Adjusted","Domestic ASMs (seasonally-adjusted) in billions (000,000,000)",2021,9,68.3
8,"Table 8. Domestic Available Seat-Miles (ASMs) on U.S. Airlines, Seasonally-Adjusted","Domestic ASMs (seasonally-adjusted) in billions (000,000,000)",2022,9,70.6
8,"Table 8. Domestic Available Seat-Miles (ASMs) on U.S. Airlines, Seasonally-Adjusted","Domestic ASMs (seasonally-adjusted) in billions (000,000,000)",2023,9,77.7
8,"Table 8. Domestic Available Seat-Miles (ASMs) on U.S. Airlines, Seasonally-Adjusted","Domestic ASMs (seasonally-adjusted) in billions (000,000,000)",2024,9,78.8
8,"Table 8. Domestic Available Seat-Miles (ASMs) on U.S. Airlines, Seasonally-Adjusted","Domestic ASMs (seasonally-adjusted) in billions (000,000,000)",2021,10,68.2
8,"Table 8. Domestic Available Seat-Miles (ASMs) on U.S. Airlines, Seasonally-Adjusted","Domestic ASMs (seasonally-adjusted) in billions (000,000,000)",2022,10,71.1
8,"Table 8. Domestic Available Seat-Miles (ASMs) on U.S. Airlines, Seasonally-Adjusted","Domestic ASMs (seasonally-adjusted) in billions (000,000,000)",2023,10,78.9
8,"Table 8. Domestic Available Seat-Miles (ASMs) on U.S. Airlines, Seasonally-Adjusted","Domestic ASMs (seasonally-adjusted) in billions (000,000,000)",2024,10,79.0
8,"Table 8. Domestic Available Seat-Miles (ASMs) on U.S. Airlines, Seasonally-Adjusted","Domestic ASMs (seasonally-adjusted) in billions (000,000,000)",2021,11,69.9
8,"Table 8. Domestic Available Seat-Miles (ASMs) on U.S. Airlines, Seasonally-Adjusted","Domestic ASMs (seasonally-adjusted) in billions (000,000,000)",2022,11,71.4
8,"Table 8. Domestic Available Seat-Miles (ASMs) on U.S. Airlines, Seasonally-Adjusted","Domestic ASMs (seasonally-adjusted) in billions (000,000,000)",2023,11,77.8
8,"Table 8. Domestic Available Seat-Miles (ASMs) on U.S. Airlines, Seasonally-Adjusted","Domestic ASMs (seasonally-adjusted) in billions (000,000,000)",2024,11,78.8
8,"Table 8. Domestic Available Seat-Miles (ASMs) on U.S. Airlines, Seasonally-Adjusted","Domestic ASMs (seasonally-adjusted) in billions (000,000,000)",2021,12,69.0
8,"Table 8. Domestic Available Seat-Miles (ASMs) on U.S. Airlines, Seasonally-Adjusted","Domestic ASMs (seasonally-adjusted) in billions (000,000,000)",2022,12,70.9
8,"Table 8. Domestic Available Seat-Miles (ASMs) on U.S. Airlines, Seasonally-Adjusted","Domestic ASMs (seasonally-adjusted) in billions (000,000,000)",2023,12,78.4
8,"Table 8. Domestic Available Seat-Miles (ASMs) on U.S. Airlines, Seasonally-Adjusted","Domestic ASMs (seasonally-adjusted) in billions (000,000,000)",2024,12,80.5
9,"Table 9. International Available Seat-Miles (ASMs) on U.S. Airlines, Seasonally-Adjusted","International ASMs (seasonally-adjusted) in billions (000,000,000)",2021,1,13.6
9,"Table 9. International Available Seat-Miles (ASMs) on U.S. Airlines, Seasonally-Adjusted","International ASMs (seasonally-adjusted) in billions (000,000,000)",2022,1,21.9
9,"Table 9. International Available Seat-Miles (ASMs) on U.S. Airlines, Seasonally-Adjusted","International ASMs (seasonally-adjusted) in billions (000,000,000)",2023,1,28.2
9,"Table 9. International Available Seat-Miles (ASMs) on U.S. Airlines, Seasonally-Adjusted","International ASMs (seasonally-adjusted) in billions (000,000,000)",2024,1,33.2
9,"Table 9. International Available Seat-Miles (ASMs) on U.S. Airlines, Seasonally-Adjusted","International ASMs (seasonally-adjusted) in billions (000,000,000)",2021,2,13.2
9,"Table 9. International Available Seat-Miles (ASMs) on U.S. Airlines, Seasonally-Adjusted","International ASMs (seasonally-adjusted) in billions (000,000,000)",2022,2,22.3
9,"Table 9. International Available Seat-Miles (ASMs) on U.S. Airlines, Seasonally-Adjusted","International ASMs (seasonally-adjusted) in billions (000,000,000)",2023,2,29.0
9,"Table 9. International Available Seat-Miles (ASMs) on U.S. Airlines, Seasonally-Adjusted","International ASMs (seasonally-adjusted) in billions (000,000,000)",2024,2,33.7
9,"Table 9. International Available Seat-Miles (ASMs) on U.S. Airlines, Seasonally-Adjusted","International ASMs (seasonally-adjusted) in billions (000,000,000)",2021,3,14.0
9,"Table 9. International Available Seat-Miles (ASMs) on U.S. Airlines, Seasonally-Adjusted","International ASMs (seasonally-adjusted) in billions (000,000,000)",2022,3,22.8
9,"Table 9. International Available Seat-Miles (ASMs) on U.S. Airlines, Seasonally-Adjusted","International ASMs (seasonally-adjusted) in billions (000,000,000)",2023,3,29.6
9,"Table 9. International Available Seat-Miles (ASMs) on U.S. Airlines, Seasonally-Adjusted","International ASMs (seasonally-adjusted) in billions (000,000,000)",2024,3,34.2
9,"Table 9. International Available Seat-Miles (ASMs) on U.S. Airlines, Seasonally-Adjusted","International ASMs (seasonally-adjusted) in billions (000,000,000)",2021,4,14.5
9,"Table 9. International Available Seat-Miles (ASMs) on U.S. Airlines, Seasonally-Adjusted","International ASMs (seasonally-adjusted) in billions (000,000,000)",2022,4,24.1
9,"Table 9. International Available Seat-Miles (ASMs) on U.S. Airlines, Seasonally-Adjusted","International ASMs (seasonally-adjusted) in billions (000,000,000)",2023,4,30.2
9,"Table 9. International Available Seat-Miles (ASMs) on U.S. Airlines, Seasonally-Adjusted","International ASMs (seasonally-adjusted) in billions (000,000,000)",2024,4,33.4
9,"Table 9. International Available Seat-Miles (ASMs) on U.S. Airlines, Seasonally-Adjusted","International ASMs (seasonally-adjusted) in billions (000,000,000)",2021,5,14.6
9,"Table 9. International Available Seat-Miles (ASMs) on U.S. Airlines, Seasonally-Adjusted","International ASMs (seasonally-adjusted) in billions (000,000,000)",2022,5,24.9
9,"Table 9. International Available Seat-Miles (ASMs) on U.S. Airlines, Seasonally-Adjusted","International ASMs (seasonally-adjusted) in billions (000,000,000)",2023,5,30.4
9,"Table 9. International Available Seat-Miles (ASMs) on U.S. Airlines, Seasonally-Adjusted","International ASMs (seasonally-adjusted) in billions (000,000,000)",2024,5,33.1
9,"Table 9. International Available Seat-Miles (ASMs) on U.S. Airlines, Seasonally-Adjusted","International ASMs (seasonally-adjusted) in billions (000,000,000)",2021,6,15.7
9,"Table 9. International Available Seat-Miles (ASMs) on U.S. Airlines, Seasonally-Adjusted","International ASMs (seasonally-adjusted) in billions (000,000,000)",2022,6,25.5
9,"Table 9. International Available Seat-Miles (ASMs) on U.S. Airlines, Seasonally-Adjusted","International ASMs (seasonally-adjusted) in billions (000,000,000)",2023,6,30.5
9,"Table 9. International Available Seat-Miles (ASMs) on U.S. Airlines, Seasonally-Adjusted","International ASMs (seasonally-adjusted) in billions (000,000,000)",2024,6,33.2
9,"Table 9. International Available Seat-Miles (ASMs) on U.S. Airlines, Seasonally-Adjusted","International ASMs (seasonally-adjusted) in billions (000,000,000)",2021,7,16.6
9,"Table 9. International Available Seat-Miles (ASMs) on U.S. Airlines, Seasonally-Adjusted","International ASMs (seasonally-adjusted) in billions (000,000,000)",2022,7,25.7
9,"Table 9. International Available Seat-Miles (ASMs) on U.S. Airlines, Seasonally-Adjusted","International ASMs (seasonally-adjusted) in billions (000,000,000)",2023,7,30.8
9,"Table 9. International Available Seat-Miles (ASMs) on U.S. Airlines, Seasonally-Adjusted","International ASMs (seasonally-adjusted) in billions (000,000,000)",2024,7,33.0
9,"Table 9. International Available Seat-Miles (ASMs) on U.S. Airlines, Seasonally-Adjusted","International ASMs (seasonally-adjusted) in billions (000,000,000)",2021,8,17.3
9,"Table 9. International Available Seat-Miles (ASMs) on U.S. Airlines, Seasonally-Adjusted","International ASMs (seasonally-adjusted) in billions (000,000,000)",2022,8,26.3
9,"Table 9. International Available Seat-Miles (ASMs) on U.S. Airlines, Seasonally-Adjusted","International ASMs (seasonally-adjusted) in billions (000,000,000)",2023,8,31.4
9,"Table 9. International Available Seat-Miles (ASMs) on U.S. Airlines, Seasonally-Adjusted","International ASMs (seasonally-adjusted) in billions (000,000,000)",2024,8,32.5
9,"Table 9. International Available Seat-Miles (ASMs) on U.S. Airlines, Seasonally-Adjusted","International ASMs (seasonally-adjusted) in billions (000,000,000)",2021,9,17.9
9,"Table 9. International Available Seat-Miles (ASMs) on U.S. Airlines, Seasonally-Adjusted","International ASMs (seasonally-adjusted) in billions (000,000,000)",2022,9,26.6
9,"Table 9. International Available Seat-Miles (ASMs) on U.S. Airlines, Seasonally-Adjusted","International ASMs (seasonally-adjusted) in billions (000,000,000)",2023,9,31.9
9,"Table 9. International Available Seat-Miles (ASMs) on U.S. Airlines, Seasonally-Adjusted","International ASMs (seasonally-adjusted) in billions (000,000,000)",2024,9,32.5
9,"Table 9. International Available Seat-Miles (ASMs) on U.S. Airlines, Seasonally-Adjusted","International ASMs (seasonally-adjusted) in billions (000,000,000)",2021,10,18.8
9,"Table 9. International Available Seat-Miles (ASMs) on U.S. Airlines, Seasonally-Adjusted","International ASMs (seasonally-adjusted) in billions (000,000,000)",2022,10,26.8
9,"Table 9. International Available Seat-Miles (ASMs) on U.S. Airlines, Seasonally-Adjusted","International ASMs (seasonally-adjusted) in billions (000,000,000)",2023,10,32.2
9,"Table 9. International Available Seat-Miles (ASMs) on U.S. Airlines, Seasonally-Adjusted","International ASMs (seasonally-adjusted) in billions (000,000,000)",2024,10,33.1
9,"Table 9. International Available Seat-Miles (ASMs) on U.S. Airlines, Seasonally-Adjusted","International ASMs (seasonally-adjusted) in billions (000,000,000)",2021,11,19.8
9,"Table 9. International Available Seat-Miles (ASMs) on U.S. Airlines, Seasonally-Adjusted","International ASMs (seasonally-adjusted) in billions (000,000,000)",2022,11,27.5
9,"Table 9. International Available Seat-Miles (ASMs) on U.S. Airlines, Seasonally-Adjusted","International ASMs (seasonally-adjusted) in billions (000,000,000)",2023,11,32.6
9,"Table 9. International Available Seat-Miles (ASMs) on U.S. Airlines, Seasonally-Adjusted","International ASMs (seasonally-adjusted) in billions (000,000,000)",2024,11,33.0
9,"Table 9. International Available Seat-Miles (ASMs) on U.S. Airlines, Seasonally-Adjusted","International ASMs (seasonally-adjusted) in billions (000,000,000)",2021,12,20.9
9,"Table 9. International Available Seat-Miles (ASMs) on U.S. Airlines, Seasonally-Adjusted","International ASMs (seasonally-adjusted) in billions (000,000,000)",2022,12,27.6
9,"Table 9. International Available Seat-Miles (ASMs) on U.S. Airlines, Seasonally-Adjusted","International ASMs (seasonally-adjusted) in billions (000,000,000)",2023,12,33.0
9,"Table 9. International Available Seat-Miles (ASMs) on U.S. Airlines, Seasonally-Adjusted","International ASMs (seasonally-adjusted) in billions (000,000,000)",2024,12,33.6
10,"Table 10. Systemwide Load Factor on U.S. Airlines, Seasonally-Adjusted",Systemwide (Domestic + International) RPMs/ASMs (both seasonally-adjusted) in percent,2021,1,53.7
10,"Table 10. Systemwide Load Factor on U.S. Airlines, Seasonally-Adjusted",Systemwide (Domestic + International) RPMs/ASMs (both seasonally-adjusted) in percent,2022,1,71.2
10,"Table 10. Systemwide Load Factor on U.S. Airlines, Seasonally-Adjusted",Systemwide (Domestic + International) RPMs/ASMs (both seasonally-adjusted) in percent,2023,1,83.0
10,"Table 10. Systemwide Load Factor on U.S. Airlines, Seasonally-Adjusted",Systemwide (Domestic + International) RPMs/ASMs (both seasonally-adjusted) in percent,2024,1,84.1
10,"Table 10. Systemwide Load Factor on U.S. Airlines, Seasonally-Adjusted",Systemwide (Domestic + International) RPMs/ASMs (both seasonally-adjusted) in percent,2021,2,56.0
10,"Table 10. Systemwide Load Factor on U.S. Airlines, Seasonally-Adjusted",Systemwide (Domestic + International) RPMs/ASMs (both seasonally-adjusted) in percent,2022,2,76.8
10,"Table 10. Systemwide Load Factor on U.S. Airlines, Seasonally-Adjusted",Systemwide (Domestic + International) RPMs/ASMs (both seasonally-adjusted) in percent,2023,2,82.7
10,"Table 10. Systemwide Load Factor on U.S. Airlines, Seasonally-Adjusted",Systemwide (Domestic + International) RPMs/ASMs (both seasonally-adjusted) in percent,2024,2,83.2
10,"Table 10. Systemwide Load Factor on U.S. Airlines, Seasonally-Adjusted",Systemwide (Domestic + International) RPMs/ASMs (both seasonally-adjusted) in percent,2021,3,62.7
10,"Table 10. Systemwide Load Factor on U.S. Airlines, Seasonally-Adjusted",Systemwide (Domestic + International) RPMs/ASMs (both seasonally-adjusted) in percent,2022,3,81.9
10,"Table 10. Systemwide Load Factor on U.S. Airlines, Seasonally-Adjusted",Systemwide (Domestic + International) RPMs/ASMs (both seasonally-adjusted) in percent,2023,3,82.7
10,"Table 10. Systemwide Load Factor on U.S. Airlines, Seasonally-Adjusted",Systemwide (Domestic + International) RPMs/ASMs (both seasonally-adjusted) in percent,2024,3,82.2
10,"Table 10. Systemwide Load Factor on U.S. Airlines, Seasonally-Adjusted",Systemwide (Domestic + International) RPMs/ASMs (both seasonally-adjusted) in percent,2021,4,67.4
10,"Table 10. Systemwide Load Factor on U.S. Airlines, Seasonally-Adjusted",Systemwide (Domestic + International) RPMs/ASMs (both seasonally-adjusted) in percent,2022,4,83.6
10,"Table 10. Systemwide Load Factor on U.S. Airlines, Seasonally-Adjusted",Systemwide (Domestic + International) RPMs/ASMs (both seasonally-adjusted) in percent,2023,4,83.3
10,"Table 10. Systemwide Load Factor on U.S. Airlines, Seasonally-Adjusted",Systemwide (Domestic + International) RPMs/ASMs (both seasonally-adjusted) in percent,2024,4,82.1
10,"Table 10. Systemwide Load Factor on U.S. Airlines, Seasonally-Adjusted",Systemwide (Domestic + International) RPMs/ASMs (both seasonally-adjusted) in percent,2021,5,73.2
10,"Table 10. Systemwide Load Factor on U.S. Airlines, Seasonally-Adjusted",Systemwide (Domestic + International) RPMs/ASMs (both seasonally-adjusted) in percent,2022,5,83.4
10,"Table 10. Systemwide Load Factor on U.S. Airlines, Seasonally-Adjusted",Systemwide (Domestic + International) RPMs/ASMs (both seasonally-adjusted) in percent,2023,5,83.1
10,"Table 10. Systemwide Load Factor on U.S. Airlines, Seasonally-Adjusted",Systemwide (Domestic + International) RPMs/ASMs (both seasonally-adjusted) in percent,2024,5,82.1
10,"Table 10. Systemwide Load Factor on U.S. Airlines, Seasonally-Adjusted",Systemwide (Domestic + International) RPMs/ASMs (both seasonally-adjusted) in percent,2021,6,77.9
10,"Table 10. Systemwide Load Factor on U.S. Airlines, Seasonally-Adjusted",Systemwide (Domestic + International) RPMs/ASMs (both seasonally-adjusted) in percent,2022,6,85.1
10,"Table 10. Systemwide Load Factor on U.S. Airlines, Seasonally-Adjusted",Systemwide (Domestic + International) RPMs/ASMs (both seasonally-adjusted) in percent,2023,6,84.0
10,"Table 10. Systemwide Load Factor on U.S. Airlines, Seasonally-Adjusted",Systemwide (Domestic + International) RPMs/ASMs (both seasonally-adjusted) in percent,2024,6,83.7
10,"Table 10. Systemwide Load Factor on U.S. Airlines, Seasonally-Adjusted",Systemwide (Domestic + International) RPMs/ASMs (both seasonally-adjusted) in percent,2021,7,79.7
10,"Table 10. Systemwide Load Factor on U.S. Airlines, Seasonally-Adjusted",Systemwide (Domestic + International) RPMs/ASMs (both seasonally-adjusted) in percent,2022,7,82.5
10,"Table 10. Systemwide Load Factor on U.S. Airlines, Seasonally-Adjusted",Systemwide (Domestic + International) RPMs/ASMs (both seasonally-adjusted) in percent,2023,7,83.3
10,"Table 10. Systemwide Load Factor on U.S. Airlines, Seasonally-Adjusted",Systemwide (Domestic + International) RPMs/ASMs (both seasonally-adjusted) in percent,2024,7,82.8
10,"Table 10. Systemwide Load Factor on U.S. Airlines, Seasonally-Adjusted",Systemwide (Domestic + International) RPMs/ASMs (both seasonally-adjusted) in percent,2021,8,78.1
10,"Table 10. Systemwide Load Factor on U.S. Airlines, Seasonally-Adjusted",Systemwide (Domestic + International) RPMs/ASMs (both seasonally-adjusted) in percent,2022,8,84.4
10,"Table 10. Systemwide Load Factor on U.S. Airlines, Seasonally-Adjusted",Systemwide (Domestic + International) RPMs/ASMs (both seasonally-adjusted) in percent,2023,8,82.6
10,"Table 10. Systemwide Load Factor on U.S. Airlines, Seasonally-Adjusted",Systemwide (Domestic + International) RPMs/ASMs (both seasonally-adjusted) in percent,2024,8,83.9
10,"Table 10. Systemwide Load Factor on U.S. Airlines, Seasonally-Adjusted",Systemwide (Domestic + International) RPMs/ASMs (both seasonally-adjusted) in percent,2021,9,74.7
10,"Table 10. Systemwide Load Factor on U.S. Airlines, Seasonally-Adjusted",Systemwide (Domestic + International) RPMs/ASMs (both seasonally-adjusted) in percent,2022,9,86.5
10,"Table 10. Systemwide Load Factor on U.S. Airlines, Seasonally-Adjusted",Systemwide (Domestic + International) RPMs/ASMs (both seasonally-adjusted) in percent,2023,9,83.9
10,"Table 10. Systemwide Load Factor on U.S. Airlines, Seasonally-Adjusted",Systemwide (Domestic + International) RPMs/ASMs (both seasonally-adjusted) in percent,2024,9,83.9
10,"Table 10. Systemwide Load Factor on U.S. Airlines, Seasonally-Adjusted",Systemwide (Domestic + International) RPMs/ASMs (both seasonally-adjusted) in percent,2021,10,77.0
10,"Table 10. Systemwide Load Factor on U.S. Airlines, Seasonally-Adjusted",Systemwide (Domestic + International) RPMs/ASMs (both seasonally-adjusted) in percent,2022,10,86.7
10,"Table 10. Systemwide Load Factor on U.S. Airlines, Seasonally-Adjusted",Systemwide (Domestic + International) RPMs/ASMs (both seasonally-adjusted) in percent,2023,10,84.1
10,"Table 10. Systemwide Load Factor on U.S. Airlines, Seasonally-Adjusted",Systemwide (Domestic + International) RPMs/ASMs (both seasonally-adjusted) in percent,2024,10,83.7
10,"Table 10. Systemwide Load Factor on U.S. Airlines, Seasonally-Adjusted",Systemwide (Domestic + International) RPMs/ASMs (both seasonally-adjusted) in percent,2021,11,80.7
10,"Table 10. Systemwide Load Factor on U.S. Airlines, Seasonally-Adjusted",Systemwide (Domestic + International) RPMs/ASMs (both seasonally-adjusted) in percent,2022,11,85.5
10,"Table 10. Systemwide Load Factor on U.S. Airlines, Seasonally-Adjusted",Systemwide (Domestic + International) RPMs/ASMs (both seasonally-adjusted) in percent,2023,11,83.9
10,"Table 10. Systemwide Load Factor on U.S. Airlines, Seasonally-Adjusted",Systemwide (Domestic + International) RPMs/ASMs (both seasonally-adjusted) in percent,2024,11,85.6
10,"Table 10. Systemwide Load Factor on U.S. Airlines, Seasonally-Adjusted",Systemwide (Domestic + International) RPMs/ASMs (both seasonally-adjusted) in percent,2021,12,81.9
10,"Table 10. Systemwide Load Factor on U.S. Airlines, Seasonally-Adjusted",Systemwide (Domestic + International) RPMs/ASMs (both seasonally-adjusted) in percent,2022,12,86.0
10,"Table 10. Systemwide Load Factor on U.S. Airlines, Seasonally-Adjusted",Systemwide (Domestic + International) RPMs/ASMs (both seasonally-adjusted) in percent,2023,12,83.7
10,"Table 10. Systemwide Load Factor on U.S. Airlines, Seasonally-Adjusted",Systemwide (Domestic + International) RPMs/ASMs (both seasonally-adjusted) in percent,2024,12,84.5
11,"Table 11. Domestic Load Factor on U.S. Airlines, Seasonally-Adjusted",Domestic RPMs/ASMs (both seasonally-adjusted) in percent,2021,1,56.5
11,"Table 11. Domestic Load Factor on U.S. Airlines, Seasonally-Adjusted",Domestic RPMs/ASMs (both seasonally-adjusted) in percent,2022,1,73.4
11,"Table 11. Domestic Load Factor on U.S. Airlines, Seasonally-Adjusted",Domestic RPMs/ASMs (both seasonally-adjusted) in percent,2023,1,82.6
11,"Table 11. Domestic Load Factor on U.S. Airlines, Seasonally-Adjusted",Domestic RPMs/ASMs (both seasonally-adjusted) in percent,2024,1,84.6
11,"Table 11. Domestic Load Factor on U.S. Airlines, Seasonally-Adjusted",Domestic RPMs/ASMs (both seasonally-adjusted) in percent,2021,2,61.3
11,"Table 11. Domestic Load Factor on U.S. Airlines, Seasonally-Adjusted",Domestic RPMs/ASMs (both seasonally-adjusted) in percent,2022,2,79.4
11,"Table 11. Domestic Load Factor on U.S. Airlines, Seasonally-Adjusted",Domestic RPMs/ASMs (both seasonally-adjusted) in percent,2023,2,82.2
11,"Table 11. Domestic Load Factor on U.S. Airlines, Seasonally-Adjusted",Domestic RPMs/ASMs (both seasonally-adjusted) in percent,2024,2,83.4
11,"Table 11. Domestic Load Factor on U.S. Airlines, Seasonally-Adjusted",Domestic RPMs/ASMs (both seasonally-adjusted) in percent,2021,3,67.7
11,"Table 11. Domestic Load Factor on U.S. Airlines, Seasonally-Adjusted",Domestic RPMs/ASMs (both seasonally-adjusted) in percent,2022,3,84.2
11,"Table 11. Domestic Load Factor on U.S. Airlines, Seasonally-Adjusted",Domestic RPMs/ASMs (both seasonally-adjusted) in percent,2023,3,82.3
11,"Table 11. Domestic Load Factor on U.S. Airlines, Seasonally-Adjusted",Domestic RPMs/ASMs (both seasonally-adjusted) in percent,2024,3,82.2
11,"Table 11. Domestic Load Factor on U.S. Airlines, Seasonally-Adjusted",Domestic RPMs/ASMs (both seasonally-adjusted) in percent,2021,4,72.7
11,"Table 11. Domestic Load Factor on U.S. Airlines, Seasonally-Adjusted",Domestic RPMs/ASMs (both seasonally-adjusted) in percent,2022,4,85.6
11,"Table 11. Domestic Load Factor on U.S. Airlines, Seasonally-Adjusted",Domestic RPMs/ASMs (both seasonally-adjusted) in percent,2023,4,83.4
11,"Table 11. Domestic Load Factor on U.S. Airlines, Seasonally-Adjusted",Domestic RPMs/ASMs (both seasonally-adjusted) in percent,2024,4,82.2
11,"Table 11. Domestic Load Factor on U.S. Airlines, Seasonally-Adjusted",Domestic RPMs/ASMs (both seasonally-adjusted) in percent,2021,5,78.1
11,"Table 11. Domestic Load Factor on U.S. Airlines, Seasonally-Adjusted",Domestic RPMs/ASMs (both seasonally-adjusted) in percent,2022,5,85.0
11,"Table 11. Domestic Load Factor on U.S. Airlines, Seasonally-Adjusted",Domestic RPMs/ASMs (both seasonally-adjusted) in percent,2023,5,82.8
11,"Table 11. Domestic Load Factor on U.S. Airlines, Seasonally-Adjusted",Domestic RPMs/ASMs (both seasonally-adjusted) in percent,2024,5,82.2
11,"Table 11. Domestic Load Factor on U.S. Airlines, Seasonally-Adjusted",Domestic RPMs/ASMs (both seasonally-adjusted) in percent,2021,6,82.6
11,"Table 11. Domestic Load Factor on U.S. Airlines, Seasonally-Adjusted",Domestic RPMs/ASMs (both seasonally-adjusted) in percent,2022,6,86.9
11,"Table 11. Domestic Load Factor on U.S. Airlines, Seasonally-Adjusted",Domestic RPMs/ASMs (both seasonally-adjusted) in percent,2023,6,84.8
11,"Table 11. Domestic Load Factor on U.S. Airlines, Seasonally-Adjusted",Domestic RPMs/ASMs (both seasonally-adjusted) in percent,2024,6,84.6
11,"Table 11. Domestic Load Factor on U.S. Airlines, Seasonally-Adjusted",Domestic RPMs/ASMs (both seasonally-adjusted) in percent,2021,7,83.3
11,"Table 11. Domestic Load Factor on U.S. Airlines, Seasonally-Adjusted",Domestic RPMs/ASMs (both seasonally-adjusted) in percent,2022,7,82.8
11,"Table 11. Domestic Load Factor on U.S. Airlines, Seasonally-Adjusted",Domestic RPMs/ASMs (both seasonally-adjusted) in percent,2023,7,83.9
11,"Table 11. Domestic Load Factor on U.S. Airlines, Seasonally-Adjusted",Domestic RPMs/ASMs (both seasonally-adjusted) in percent,2024,7,83.4
11,"Table 11. Domestic Load Factor on U.S. Airlines, Seasonally-Adjusted",Domestic RPMs/ASMs (both seasonally-adjusted) in percent,2021,8,81.4
11,"Table 11. Domestic Load Factor on U.S. Airlines, Seasonally-Adjusted",Domestic RPMs/ASMs (both seasonally-adjusted) in percent,2022,8,85.6
11,"Table 11. Domestic Load Factor on U.S. Airlines, Seasonally-Adjusted",Domestic RPMs/ASMs (both seasonally-adjusted) in percent,2023,8,83.0
11,"Table 11. Domestic Load Factor on U.S. Airlines, Seasonally-Adjusted",Domestic RPMs/ASMs (both seasonally-adjusted) in percent,2024,8,84.7
11,"Table 11. Domestic Load Factor on U.S. Airlines, Seasonally-Adjusted",Domestic RPMs/ASMs (both seasonally-adjusted) in percent,2021,9,78.7
11,"Table 11. Domestic Load Factor on U.S. Airlines, Seasonally-Adjusted",Domestic RPMs/ASMs (both seasonally-adjusted) in percent,2022,9,87.7
11,"Table 11. Domestic Load Factor on U.S. Airlines, Seasonally-Adjusted",Domestic RPMs/ASMs (both seasonally-adjusted) in percent,2023,9,84.4
11,"Table 11. Domestic Load Factor on U.S. Airlines, Seasonally-Adjusted",Domestic RPMs/ASMs (both seasonally-adjusted) in percent,2024,9,84.3
11,"Table 11. Domestic Load Factor on U.S. Airlines, Seasonally-Adjusted",Domestic RPMs/ASMs (both seasonally-adjusted) in percent,2021,10,81.4
11,"Table 11. Domestic Load Factor on U.S. Airlines, Seasonally-Adjusted",Domestic RPMs/ASMs (both seasonally-adjusted) in percent,2022,10,87.8
11,"Table 11. Domestic Load Factor on U.S. Airlines, Seasonally-Adjusted",Domestic RPMs/ASMs (both seasonally-adjusted) in percent,2023,10,84.5
11,"Table 11. Domestic Load Factor on U.S. Airlines, Seasonally-Adjusted",Domestic RPMs/ASMs (both seasonally-adjusted) in percent,2024,10,83.6
11,"Table 11. Domestic Load Factor on U.S. Airlines, Seasonally-Adjusted",Domestic RPMs/ASMs (both seasonally-adjusted) in percent,2021,11,82.7
11,"Table 11. Domestic Load Factor on U.S. Airlines, Seasonally-Adjusted",Domestic RPMs/ASMs (both seasonally-adjusted) in percent,2022,11,85.6
11,"Table 11. Domestic Load Factor on U.S. Airlines, Seasonally-Adjusted",Domestic RPMs/ASMs (both seasonally-adjusted) in percent,2023,11,84.2
11,"Table 11. Domestic Load Factor on U.S. Airlines, Seasonally-Adjusted",Domestic RPMs/ASMs (both seasonally-adjusted) in percent,2024,11,85.8
11,"Table 11. Domestic Load Factor on U.S. Airlines, Seasonally-Adjusted",Domestic RPMs/ASMs (both seasonally-adjusted) in percent,2021,12,84.3
11,"Table 11. Domestic Load Factor on U.S. Airlines, Seasonally-Adjusted",Domestic RPMs/ASMs (both seasonally-adjusted) in percent,2022,12,86.1
11,"Table 11. Domestic Load Factor on U.S. Airlines, Seasonally-Adjusted",Domestic RPMs/ASMs (both seasonally-adjusted) in percent,2023,12,84.2
11,"Table 11. Domestic Load Factor on U.S. Airlines, Seasonally-Adjusted",Domestic RPMs/ASMs (both seasonally-adjusted) in percent,2024,12,83.8
12,"Table 12. International Load Factor on U.S. Airlines, Seasonally-Adjusted",International RPMs/ASMs (both seasonally-adjusted) in percent,2021,1,44.4
12,"Table 12. International Load Factor on U.S. Airlines, Seasonally-Adjusted",International RPMs/ASMs (both seasonally-adjusted) in percent,2022,1,64.0
12,"Table 12. International Load Factor on U.S. Airlines, Seasonally-Adjusted",International RPMs/ASMs (both seasonally-adjusted) in percent,2023,1,84.2
12,"Table 12. International Load Factor on U.S. Airlines, Seasonally-Adjusted",International RPMs/ASMs (both seasonally-adjusted) in percent,2024,1,82.8
12,"Table 12. International Load Factor on U.S. Airlines, Seasonally-Adjusted",International RPMs/ASMs (both seasonally-adjusted) in percent,2021,2,38.5
12,"Table 12. International Load Factor on U.S. Airlines, Seasonally-Adjusted",International RPMs/ASMs (both seasonally-adjusted) in percent,2022,2,68.8
12,"Table 12. International Load Factor on U.S. Airlines, Seasonally-Adjusted",International RPMs/ASMs (both seasonally-adjusted) in percent,2023,2,83.9
12,"Table 12. International Load Factor on U.S. Airlines, Seasonally-Adjusted",International RPMs/ASMs (both seasonally-adjusted) in percent,2024,2,82.8
12,"Table 12. International Load Factor on U.S. Airlines, Seasonally-Adjusted",International RPMs/ASMs (both seasonally-adjusted) in percent,2021,3,44.2
12,"Table 12. International Load Factor on U.S. Airlines, Seasonally-Adjusted",International RPMs/ASMs (both seasonally-adjusted) in percent,2022,3,74.6
12,"Table 12. International Load Factor on U.S. Airlines, Seasonally-Adjusted",International RPMs/ASMs (both seasonally-adjusted) in percent,2023,3,83.8
12,"Table 12. International Load Factor on U.S. Airlines, Seasonally-Adjusted",International RPMs/ASMs (both seasonally-adjusted) in percent,2024,3,82.2
12,"Table 12. International Load Factor on U.S. Airlines, Seasonally-Adjusted",International RPMs/ASMs (both seasonally-adjusted) in percent,2021,4,47.1
12,"Table 12. International Load Factor on U.S. Airlines, Seasonally-Adjusted",International RPMs/ASMs (both seasonally-adjusted) in percent,2022,4,78.1
12,"Table 12. International Load Factor on U.S. Airlines, Seasonally-Adjusted",International RPMs/ASMs (both seasonally-adjusted) in percent,2023,4,82.9
12,"Table 12. International Load Factor on U.S. Airlines, Seasonally-Adjusted",International RPMs/ASMs (both seasonally-adjusted) in percent,2024,4,81.9
12,"Table 12. International Load Factor on U.S. Airlines, Seasonally-Adjusted",International RPMs/ASMs (both seasonally-adjusted) in percent,2021,5,53.0
12,"Table 12. International Load Factor on U.S. Airlines, Seasonally-Adjusted",International RPMs/ASMs (both seasonally-adjusted) in percent,2022,5,78.9
12,"Table 12. International Load Factor on U.S. Airlines, Seasonally-Adjusted",International RPMs/ASMs (both seasonally-adjusted) in percent,2023,5,83.7
12,"Table 12. International Load Factor on U.S. Airlines, Seasonally-Adjusted",International RPMs/ASMs (both seasonally-adjusted) in percent,2024,5,81.7
12,"Table 12. International Load Factor on U.S. Airlines, Seasonally-Adjusted",International RPMs/ASMs (both seasonally-adjusted) in percent,2021,6,58.5
12,"Table 12. International Load Factor on U.S. Airlines, Seasonally-Adjusted",International RPMs/ASMs (both seasonally-adjusted) in percent,2022,6,80.3
12,"Table 12. International Load Factor on U.S. Airlines, Seasonally-Adjusted",International RPMs/ASMs (both seasonally-adjusted) in percent,2023,6,82.2
12,"Table 12. International Load Factor on U.S. Airlines, Seasonally-Adjusted",International RPMs/ASMs (both seasonally-adjusted) in percent,2024,6,81.5
12,"Table 12. International Load Factor on U.S. Airlines, Seasonally-Adjusted",International RPMs/ASMs (both seasonally-adjusted) in percent,2021,7,64.9
12,"Table 12. International Load Factor on U.S. Airlines, Seasonally-Adjusted",International RPMs/ASMs (both seasonally-adjusted) in percent,2022,7,81.8
12,"Table 12. International Load Factor on U.S. Airlines, Seasonally-Adjusted",International RPMs/ASMs (both seasonally-adjusted) in percent,2023,7,81.8
12,"Table 12. International Load Factor on U.S. Airlines, Seasonally-Adjusted",International RPMs/ASMs (both seasonally-adjusted) in percent,2024,7,81.3
12,"Table 12. International Load Factor on U.S. Airlines, Seasonally-Adjusted",International RPMs/ASMs (both seasonally-adjusted) in percent,2021,8,65.3
12,"Table 12. International Load Factor on U.S. Airlines, Seasonally-Adjusted",International RPMs/ASMs (both seasonally-adjusted) in percent,2022,8,81.2
12,"Table 12. International Load Factor on U.S. Airlines, Seasonally-Adjusted",International RPMs/ASMs (both seasonally-adjusted) in percent,2023,8,81.5
12,"Table 12. International Load Factor on U.S. Airlines, Seasonally-Adjusted",International RPMs/ASMs (both seasonally-adjusted) in percent,2024,8,81.9
12,"Table 12. International Load Factor on U.S. Airlines, Seasonally-Adjusted",International RPMs/ASMs (both seasonally-adjusted) in percent,2021,9,59.3
12,"Table 12. International Load Factor on U.S. Airlines, Seasonally-Adjusted",International RPMs/ASMs (both seasonally-adjusted) in percent,2022,9,83.5
12,"Table 12. International Load Factor on U.S. Airlines, Seasonally-Adjusted",International RPMs/ASMs (both seasonally-adjusted) in percent,2023,9,82.8
12,"Table 12. International Load Factor on U.S. Airlines, Seasonally-Adjusted",International RPMs/ASMs (both seasonally-adjusted) in percent,2024,9,82.8
12,"Table 12. International Load Factor on U.S. Airlines, Seasonally-Adjusted",International RPMs/ASMs (both seasonally-adjusted) in percent,2021,10,60.9
12,"Table 12. International Load Factor on U.S. Airlines, Seasonally-Adjusted",International RPMs/ASMs (both seasonally-adjusted) in percent,2022,10,83.7
12,"Table 12. International Load Factor on U.S. Airlines, Seasonally-Adjusted",International RPMs/ASMs (both seasonally-adjusted) in percent,2023,10,83.0
12,"Table 12. International Load Factor on U.S. Airlines, Seasonally-Adjusted",International RPMs/ASMs (both seasonally-adjusted) in percent,2024,10,83.9
12,"Table 12. International Load Factor on U.S. Airlines, Seasonally-Adjusted",International RPMs/ASMs (both seasonally-adjusted) in percent,2021,11,73.7
12,"Table 12. International Load Factor on U.S. Airlines, Seasonally-Adjusted",International RPMs/ASMs (both seasonally-adjusted) in percent,2022,11,85.3
12,"Table 12. International Load Factor on U.S. Airlines, Seasonally-Adjusted",International RPMs/ASMs (both seasonally-adjusted) in percent,2023,11,83.3
12,"Table 12. International Load Factor on U.S. Airlines, Seasonally-Adjusted",International RPMs/ASMs (both seasonally-adjusted) in percent,2024,11,85.2
12,"Table 12. International Load Factor on U.S. Airlines, Seasonally-Adjusted",International RPMs/ASMs (both seasonally-adjusted) in percent,2021,12,74.0
12,"Table 12. International Load Factor on U.S. Airlines, Seasonally-Adjusted",International RPMs/ASMs (both seasonally-adjusted) in percent,2022,12,85.4
12,"Table 12. International Load Factor on U.S. Airlines, Seasonally-Adjusted",International RPMs/ASMs (both seasonally-adjusted) in percent,2023,12,82.6
12,"Table 12. International Load Factor on U.S. Airlines, Seasonally-Adjusted",International RPMs/ASMs (both seasonally-adjusted) in percent,2024,12,86.2
13,"Table 13. Systemwide Passenger Enplanements on U.S. Airlines, Unadjusted","Systemwide (Domestic + International) passenger enplanements (unadjusted) in millions (000,000)",2021,1,27.29
13,"Table 13. Systemwide Passenger Enplanements on U.S. Airlines, Unadjusted","Systemwide (Domestic + International) passenger enplanements (unadjusted) in millions (000,000)",2022,1,51.86
13,"Table 13. Systemwide Passenger Enplanements on U.S. Airlines, Unadjusted","Systemwide (Domestic + International) passenger enplanements (unadjusted) in millions (000,000)",2023,1,67.36
13,"Table 13. Systemwide Passenger Enplanements on U.S. Airlines, Unadjusted","Systemwide (Domestic + International) passenger enplanements (unadjusted) in millions (000,000)",2024,1,70.06
13,"Table 13. Systemwide Passenger Enplanements on U.S. Airlines, Unadjusted","Systemwide (Domestic + International) passenger enplanements (unadjusted) in millions (000,000)",2021,2,26.61
13,"Table 13. Systemwide Passenger Enplanements on U.S. Airlines, Unadjusted","Systemwide (Domestic + International) passenger enplanements (unadjusted) in millions (000,000)",2022,2,54.8
13,"Table 13. Systemwide Passenger Enplanements on U.S. Airlines, Unadjusted","Systemwide (Domestic + International) passenger enplanements (unadjusted) in millions (000,000)",2023,2,64.8
13,"Table 13. Systemwide Passenger Enplanements on U.S. Airlines, Unadjusted","Systemwide (Domestic + International) passenger enplanements (unadjusted) in millions (000,000)",2024,2,70.4
13,"Table 13. Systemwide Passenger Enplanements on U.S. Airlines, Unadjusted","Systemwide (Domestic + International) passenger enplanements (unadjusted) in millions (000,000)",2021,3,42.8
13,"Table 13. Systemwide Passenger Enplanements on U.S. Airlines, Unadjusted","Systemwide (Domestic + International) passenger enplanements (unadjusted) in millions (000,000)",2022,3,72.49
13,"Table 13. Systemwide Passenger Enplanements on U.S. Airlines, Unadjusted","Systemwide (Domestic + International) passenger enplanements (unadjusted) in millions (000,000)",2023,3,79.81
13,"Table 13. Systemwide Passenger Enplanements on U.S. Airlines, Unadjusted","Systemwide (Domestic + International) passenger enplanements (unadjusted) in millions (000,000)",2024,3,84.85
13,"Table 13. Systemwide Passenger Enplanements on U.S. Airlines, Unadjusted","Systemwide (Domestic + International) passenger enplanements (unadjusted) in millions (000,000)",2021,4,47.8
13,"Table 13. Systemwide Passenger Enplanements on U.S. Airlines, Unadjusted","Systemwide (Domestic + International) passenger enplanements (unadjusted) in millions (000,000)",2022,4,71.92
13,"Table 13. Systemwide Passenger Enplanements on U.S. Airlines, Unadjusted","Systemwide (Domestic + International) passenger enplanements (unadjusted) in millions (000,000)",2023,4,77.58
13,"Table 13. Systemwide Passenger Enplanements on U.S. Airlines, Unadjusted","Systemwide (Domestic + International) passenger enplanements (unadjusted) in millions (000,000)",2024,4,81.24
13,"Table 13. Systemwide Passenger Enplanements on U.S. Airlines, Unadjusted","Systemwide (Domestic + International) passenger enplanements (unadjusted) in millions (000,000)",2021,5,57.69
13,"Table 13. Systemwide Passenger Enplanements on U.S. Airlines, Unadjusted","Systemwide (Domestic + International) passenger enplanements (unadjusted) in millions (000,000)",2022,5,75.78
13,"Table 13. Systemwide Passenger Enplanements on U.S. Airlines, Unadjusted","Systemwide (Domestic + International) passenger enplanements (unadjusted) in millions (000,000)",2023,5,81.79
13,"Table 13. Systemwide Passenger Enplanements on U.S. Airlines, Unadjusted","Systemwide (Domestic + International) passenger enplanements (unadjusted) in millions (000,000)",2024,5,87.08
13,"Table 13. Systemwide Passenger Enplanements on U.S. Airlines, Unadjusted","Systemwide (Domestic + International) passenger enplanements (unadjusted) in millions (000,000)",2021,6,66.15
13,"Table 13. Systemwide Passenger Enplanements on U.S. Airlines, Unadjusted","Systemwide (Domestic + International) passenger enplanements (unadjusted) in millions (000,000)",2022,6,77.4
13,"Table 13. Systemwide Passenger Enplanements on U.S. Airlines, Unadjusted","Systemwide (Domestic + International) passenger enplanements (unadjusted) in millions (000,000)",2023,6,84.03
13,"Table 13. Systemwide Passenger Enplanements on U.S. Airlines, Unadjusted","Systemwide (Domestic + International) passenger enplanements (unadjusted) in millions (000,000)",2024,6,89.73
13,"Table 13. Systemwide Passenger Enplanements on U.S. Airlines, Unadjusted","Systemwide (Domestic + International) passenger enplanements (unadjusted) in millions (000,000)",2021,7,73.77
13,"Table 13. Systemwide Passenger Enplanements on U.S. Airlines, Unadjusted","Systemwide (Domestic + International) passenger enplanements (unadjusted) in millions (000,000)",2022,7,80.38
13,"Table 13. Systemwide Passenger Enplanements on U.S. Airlines, Unadjusted","Systemwide (Domestic + International) passenger enplanements (unadjusted) in millions (000,000)",2023,7,87.82
13,"Table 13. Systemwide Passenger Enplanements on U.S. Airlines, Unadjusted","Systemwide (Domestic + International) passenger enplanements (unadjusted) in millions (000,000)",2024,7,91.8
13,"Table 13. Systemwide Passenger Enplanements on U.S. Airlines, Unadjusted","Systemwide (Domestic + International) passenger enplanements (unadjusted) in millions (000,000)",2021,8,66.99
13,"Table 13. Systemwide Passenger Enplanements on U.S. Airlines, Unadjusted","Systemwide (Domestic + International) passenger enplanements (unadjusted) in millions (000,000)",2022,8,76.65
13,"Table 13. Systemwide Passenger Enplanements on U.S. Airlines, Unadjusted","Systemwide (Domestic + International) passenger enplanements (unadjusted) in millions (000,000)",2023,8,83.07
13,"Table 13. Systemwide Passenger Enplanements on U.S. Airlines, Unadjusted","Systemwide (Domestic + International) passenger enplanements (unadjusted) in millions (000,000)",2024,8,86.82
13,"Table 13. Systemwide Passenger Enplanements on U.S. Airlines, Unadjusted","Systemwide (Domestic + International) passenger enplanements (unadjusted) in millions (000,000)",2021,9,58.75
13,"Table 13. Systemwide Passenger Enplanements on U.S. Airlines, Unadjusted","Systemwide (Domestic + International) passenger enplanements (unadjusted) in millions (000,000)",2022,9,71.43
13,"Table 13. Systemwide Passenger Enplanements on U.S. Airlines, Unadjusted","Systemwide (Domestic + International) passenger enplanements (unadjusted) in millions (000,000)",2023,9,76.26
13,"Table 13. Systemwide Passenger Enplanements on U.S. Airlines, Unadjusted","Systemwide (Domestic + International) passenger enplanements (unadjusted) in millions (000,000)",2024,9,77.5
13,"Table 13. Systemwide Passenger Enplanements on U.S. Airlines, Unadjusted","Systemwide (Domestic + International) passenger enplanements (unadjusted) in millions (000,000)",2021,10,65.91
13,"Table 13. Systemwide Passenger Enplanements on U.S. Airlines, Unadjusted","Systemwide (Domestic + International) passenger enplanements (unadjusted) in millions (000,000)",2022,10,76.35
13,"Table 13. Systemwide Passenger Enplanements on U.S. Airlines, Unadjusted","Systemwide (Domestic + International) passenger enplanements (unadjusted) in millions (000,000)",2023,10,82.63
13,"Table 13. Systemwide Passenger Enplanements on U.S. Airlines, Unadjusted","Systemwide (Domestic + International) passenger enplanements (unadjusted) in millions (000,000)",2024,10,82.83
13,"Table 13. Systemwide Passenger Enplanements on U.S. Airlines, Unadjusted","Systemwide (Domestic + International) passenger enplanements (unadjusted) in millions (000,000)",2021,11,65.78
13,"Table 13. Systemwide Passenger Enplanements on U.S. Airlines, Unadjusted","Systemwide (Domestic + International) passenger enplanements (unadjusted) in millions (000,000)",2022,11,71.9
13,"Table 13. Systemwide Passenger Enplanements on U.S. Airlines, Unadjusted","Systemwide (Domestic + International) passenger enplanements (unadjusted) in millions (000,000)",2023,11,77.71
13,"Table 13. Systemwide Passenger Enplanements on U.S. Airlines, Unadjusted","Systemwide (Domestic + International) passenger enplanements (unadjusted) in millions (000,000)",2024,11,77.07
13,"Table 13. Systemwide Passenger Enplanements on U.S. Airlines, Unadjusted","Systemwide (Domestic + International) passenger enplanements (unadjusted) in millions (000,000)",2021,12,66.63
13,"Table 13. Systemwide Passenger Enplanements on U.S. Airlines, Unadjusted","Systemwide (Domestic + International) passenger enplanements (unadjusted) in millions (000,000)",2022,12,71.89
13,"Table 13. Systemwide Passenger Enplanements on U.S. Airlines, Unadjusted","Systemwide (Domestic + International) passenger enplanements (unadjusted) in millions (000,000)",2023,12,78.7
13,"Table 13. Systemwide Passenger Enplanements on U.S. Airlines, Unadjusted","Systemwide (Domestic + International) passenger enplanements (unadjusted) in millions (000,000)",2024,12,83.34
14,"Table 14. Domestic Passenger Enplanements on U.S. Airlines, Unadjusted","Domestic passenger enplanements (unadjusted) in millions (000,000)",2021,1,24.31
14,"Table 14. Domestic Passenger Enplanements on U.S. Airlines, Unadjusted","Domestic passenger enplanements (unadjusted) in millions (000,000)",2022,1,45.81
14,"Table 14. Domestic Passenger Enplanements on U.S. Airlines, Unadjusted","Domestic passenger enplanements (unadjusted) in millions (000,000)",2023,1,58.28
14,"Table 14. Domestic Passenger Enplanements on U.S. Airlines, Unadjusted","Domestic passenger enplanements (unadjusted) in millions (000,000)",2024,1,59.81
14,"Table 14. Domestic Passenger Enplanements on U.S. Airlines, Unadjusted","Domestic passenger enplanements (unadjusted) in millions (000,000)",2021,2,24.48
14,"Table 14. Domestic Passenger Enplanements on U.S. Airlines, Unadjusted","Domestic passenger enplanements (unadjusted) in millions (000,000)",2022,2,49.08
14,"Table 14. Domestic Passenger Enplanements on U.S. Airlines, Unadjusted","Domestic passenger enplanements (unadjusted) in millions (000,000)",2023,2,56.73
14,"Table 14. Domestic Passenger Enplanements on U.S. Airlines, Unadjusted","Domestic passenger enplanements (unadjusted) in millions (000,000)",2024,2,61.0
14,"Table 14. Domestic Passenger Enplanements on U.S. Airlines, Unadjusted","Domestic passenger enplanements (unadjusted) in millions (000,000)",2021,3,39.34
14,"Table 14. Domestic Passenger Enplanements on U.S. Airlines, Unadjusted","Domestic passenger enplanements (unadjusted) in millions (000,000)",2022,3,64.62
14,"Table 14. Domestic Passenger Enplanements on U.S. Airlines, Unadjusted","Domestic passenger enplanements (unadjusted) in millions (000,000)",2023,3,69.71
14,"Table 14. Domestic Passenger Enplanements on U.S. Airlines, Unadjusted","Domestic passenger enplanements (unadjusted) in millions (000,000)",2024,3,73.23
14,"Table 14. Domestic Passenger Enplanements on U.S. Airlines, Unadjusted","Domestic passenger enplanements (unadjusted) in millions (000,000)",2021,4,43.8
14,"Table 14. Domestic Passenger Enplanements on U.S. Airlines, Unadjusted","Domestic passenger enplanements (unadjusted) in millions (000,000)",2022,4,63.52
14,"Table 14. Domestic Passenger Enplanements on U.S. Airlines, Unadjusted","Domestic passenger enplanements (unadjusted) in millions (000,000)",2023,4,67.57
14,"Table 14. Domestic Passenger Enplanements on U.S. Airlines, Unadjusted","Domestic passenger enplanements (unadjusted) in millions (000,000)",2024,4,70.58
14,"Table 14. Domestic Passenger Enplanements on U.S. Airlines, Unadjusted","Domestic passenger enplanements (unadjusted) in millions (000,000)",2021,5,52.75
14,"Table 14. Domestic Passenger Enplanements on U.S. Airlines, Unadjusted","Domestic passenger enplanements (unadjusted) in millions (000,000)",2022,5,66.96
14,"Table 14. Domestic Passenger Enplanements on U.S. Airlines, Unadjusted","Domestic passenger enplanements (unadjusted) in millions (000,000)",2023,5,71.42
14,"Table 14. Domestic Passenger Enplanements on U.S. Airlines, Unadjusted","Domestic passenger enplanements (unadjusted) in millions (000,000)",2024,5,75.83
14,"Table 14. Domestic Passenger Enplanements on U.S. Airlines, Unadjusted","Domestic passenger enplanements (unadjusted) in millions (000,000)",2021,6,60.11
14,"Table 14. Domestic Passenger Enplanements on U.S. Airlines, Unadjusted","Domestic passenger enplanements (unadjusted) in millions (000,000)",2022,6,67.37
14,"Table 14. Domestic Passenger Enplanements on U.S. Airlines, Unadjusted","Domestic passenger enplanements (unadjusted) in millions (000,000)",2023,6,72.48
14,"Table 14. Domestic Passenger Enplanements on U.S. Airlines, Unadjusted","Domestic passenger enplanements (unadjusted) in millions (000,000)",2024,6,77.18
14,"Table 14. Domestic Passenger Enplanements on U.S. Airlines, Unadjusted","Domestic passenger enplanements (unadjusted) in millions (000,000)",2021,7,66.74
14,"Table 14. Domestic Passenger Enplanements on U.S. Airlines, Unadjusted","Domestic passenger enplanements (unadjusted) in millions (000,000)",2022,7,69.43
14,"Table 14. Domestic Passenger Enplanements on U.S. Airlines, Unadjusted","Domestic passenger enplanements (unadjusted) in millions (000,000)",2023,7,75.38
14,"Table 14. Domestic Passenger Enplanements on U.S. Airlines, Unadjusted","Domestic passenger enplanements (unadjusted) in millions (000,000)",2024,7,78.8
14,"Table 14. Domestic Passenger Enplanements on U.S. Airlines, Unadjusted","Domestic passenger enplanements (unadjusted) in millions (000,000)",2021,8,60.63
14,"Table 14. Domestic Passenger Enplanements on U.S. Airlines, Unadjusted","Domestic passenger enplanements (unadjusted) in millions (000,000)",2022,8,66.52
14,"Table 14. Domestic Passenger Enplanements on U.S. Airlines, Unadjusted","Domestic passenger enplanements (unadjusted) in millions (000,000)",2023,8,71.49
14,"Table 14. Domestic Passenger Enplanements on U.S. Airlines, Unadjusted","Domestic passenger enplanements (unadjusted) in millions (000,000)",2024,8,74.81
14,"Table 14. Domestic Passenger Enplanements on U.S. Airlines, Unadjusted","Domestic passenger enplanements (unadjusted) in millions (000,000)",2021,9,53.9
14,"Table 14. Domestic Passenger Enplanements on U.S. Airlines, Unadjusted","Domestic passenger enplanements (unadjusted) in millions (000,000)",2022,9,63.14
14,"Table 14. Domestic Passenger Enplanements on U.S. Airlines, Unadjusted","Domestic passenger enplanements (unadjusted) in millions (000,000)",2023,9,66.86
14,"Table 14. Domestic Passenger Enplanements on U.S. Airlines, Unadjusted","Domestic passenger enplanements (unadjusted) in millions (000,000)",2024,9,68.01
14,"Table 14. Domestic Passenger Enplanements on U.S. Airlines, Unadjusted","Domestic passenger enplanements (unadjusted) in millions (000,000)",2021,10,60.55
14,"Table 14. Domestic Passenger Enplanements on U.S. Airlines, Unadjusted","Domestic passenger enplanements (unadjusted) in millions (000,000)",2022,10,67.94
14,"Table 14. Domestic Passenger Enplanements on U.S. Airlines, Unadjusted","Domestic passenger enplanements (unadjusted) in millions (000,000)",2023,10,73.05
14,"Table 14. Domestic Passenger Enplanements on U.S. Airlines, Unadjusted","Domestic passenger enplanements (unadjusted) in millions (000,000)",2024,10,73.07
14,"Table 14. Domestic Passenger Enplanements on U.S. Airlines, Unadjusted","Domestic passenger enplanements (unadjusted) in millions (000,000)",2021,11,59.78
14,"Table 14. Domestic Passenger Enplanements on U.S. Airlines, Unadjusted","Domestic passenger enplanements (unadjusted) in millions (000,000)",2022,11,63.68
14,"Table 14. Domestic Passenger Enplanements on U.S. Airlines, Unadjusted","Domestic passenger enplanements (unadjusted) in millions (000,000)",2023,11,68.42
14,"Table 14. Domestic Passenger Enplanements on U.S. Airlines, Unadjusted","Domestic passenger enplanements (unadjusted) in millions (000,000)",2024,11,67.7
14,"Table 14. Domestic Passenger Enplanements on U.S. Airlines, Unadjusted","Domestic passenger enplanements (unadjusted) in millions (000,000)",2021,12,59.54
14,"Table 14. Domestic Passenger Enplanements on U.S. Airlines, Unadjusted","Domestic passenger enplanements (unadjusted) in millions (000,000)",2022,12,62.48
14,"Table 14. Domestic Passenger Enplanements on U.S. Airlines, Unadjusted","Domestic passenger enplanements (unadjusted) in millions (000,000)",2023,12,67.92
14,"Table 14. Domestic Passenger Enplanements on U.S. Airlines, Unadjusted","Domestic passenger enplanements (unadjusted) in millions (000,000)",2024,12,72.1
15,"Table 15. International Passenger Enplanements on U.S. Airlines, Unadjusted","International passenger enplanements (unadjusted) in millions (000,000)",2021,1,2.99
15,"Table 15. International Passenger Enplanements on U.S. Airlines, Unadjusted","International passenger enplanements (unadjusted) in millions (000,000)",2022,1,6.05
15,"Table 15. International Passenger Enplanements on U.S. Airlines, Unadjusted","International passenger enplanements (unadjusted) in millions (000,000)",2023,1,9.07
15,"Table 15. International Passenger Enplanements on U.S. Airlines, Unadjusted","International passenger enplanements (unadjusted) in millions (000,000)",2024,1,10.25
15,"Table 15. International Passenger Enplanements on U.S. Airlines, Unadjusted","International passenger enplanements (unadjusted) in millions (000,000)",2021,2,2.12
15,"Table 15. International Passenger Enplanements on U.S. Airlines, Unadjusted","International passenger enplanements (unadjusted) in millions (000,000)",2022,2,5.73
15,"Table 15. International Passenger Enplanements on U.S. Airlines, Unadjusted","International passenger enplanements (unadjusted) in millions (000,000)",2023,2,8.07
15,"Table 15. International Passenger Enplanements on U.S. Airlines, Unadjusted","International passenger enplanements (unadjusted) in millions (000,000)",2024,2,9.4
15,"Table 15. International Passenger Enplanements on U.S. Airlines, Unadjusted","International passenger enplanements (unadjusted) in millions (000,000)",2021,3,3.46
15,"Table 15. International Passenger Enplanements on U.S. Airlines, Unadjusted","International passenger enplanements (unadjusted) in millions (000,000)",2022,3,7.87
15,"Table 15. International Passenger Enplanements on U.S. Airlines, Unadjusted","International passenger enplanements (unadjusted) in millions (000,000)",2023,3,10.1
15,"Table 15. International Passenger Enplanements on U.S. Airlines, Unadjusted","International passenger enplanements (unadjusted) in millions (000,000)",2024,3,11.62
15,"Table 15. International Passenger Enplanements on U.S. Airlines, Unadjusted","International passenger enplanements (unadjusted) in millions (000,000)",2021,4,4.0
15,"Table 15. International Passenger Enplanements on U.S. Airlines, Unadjusted","International passenger enplanements (unadjusted) in millions (000,000)",2022,4,8.4
15,"Table 15. International Passenger Enplanements on U.S. Airlines, Unadjusted","International passenger enplanements (unadjusted) in millions (000,000)",2023,4,10.01
15,"Table 15. International Passenger Enplanements on U.S. Airlines, Unadjusted","International passenger enplanements (unadjusted) in millions (000,000)",2024,4,10.65
15,"Table 15. International Passenger Enplanements on U.S. Airlines, Unadjusted","International passenger enplanements (unadjusted) in millions (000,000)",2021,5,4.94
15,"Table 15. International Passenger Enplanements on U.S. Airlines, Unadjusted","International passenger enplanements (unadjusted) in millions (000,000)",2022,5,8.82
15,"Table 15. International Passenger Enplanements on U.S. Airlines, Unadjusted","International passenger enplanements (unadjusted) in millions (000,000)",2023,5,10.36
15,"Table 15. International Passenger Enplanements on U.S. Airlines, Unadjusted","International passenger enplanements (unadjusted) in millions (000,000)",2024,5,11.26
15,"Table 15. International Passenger Enplanements on U.S. Airlines, Unadjusted","International passenger enplanements (unadjusted) in millions (000,000)",2021,6,6.04
15,"Table 15. International Passenger Enplanements on U.S. Airlines, Unadjusted","International passenger enplanements (unadjusted) in millions (000,000)",2022,6,10.03
15,"Table 15. International Passenger Enplanements on U.S. Airlines, Unadjusted","International passenger enplanements (unadjusted) in millions (000,000)",2023,6,11.55
15,"Table 15. International Passenger Enplanements on U.S. Airlines, Unadjusted","International passenger enplanements (unadjusted) in millions (000,000)",2024,6,12.55
15,"Table 15. International Passenger Enplanements on U.S. Airlines, Unadjusted","International passenger enplanements (unadjusted) in millions (000,000)",2021,7,7.03
15,"Table 15. International Passenger Enplanements on U.S. Airlines, Unadjusted","International passenger enplanements (unadjusted) in millions (000,000)",2022,7,10.95
15,"Table 15. International Passenger Enplanements on U.S. Airlines, Unadjusted","International passenger enplanements (unadjusted) in millions (000,000)",2023,7,12.44
15,"Table 15. International Passenger Enplanements on U.S. Airlines, Unadjusted","International passenger enplanements (unadjusted) in millions (000,000)",2024,7,13.01
15,"Table 15. International Passenger Enplanements on U.S. Airlines, Unadjusted","International passenger enplanements (unadjusted) in millions (000,000)",2021,8,6.36
15,"Table 15. International Passenger Enplanements on U.S. Airlines, Unadjusted","International passenger enplanements (unadjusted) in millions (000,000)",2022,8,10.12
15,"Table 15. International Passenger Enplanements on U.S. Airlines, Unadjusted","International passenger enplanements (unadjusted) in millions (000,000)",2023,8,11.58
15,"Table 15. International Passenger Enplanements on U.S. Airlines, Unadjusted","International passenger enplanements (unadjusted) in millions (000,000)",2024,8,12.0
15,"Table 15. International Passenger Enplanements on U.S. Airlines, Unadjusted","International passenger enplanements (unadjusted) in millions (000,000)",2021,9,4.84
15,"Table 15. International Passenger Enplanements on U.S. Airlines, Unadjusted","International passenger enplanements (unadjusted) in millions (000,000)",2022,9,8.29
15,"Table 15. International Passenger Enplanements on U.S. Airlines, Unadjusted","International passenger enplanements (unadjusted) in millions (000,000)",2023,9,9.4
15,"Table 15. International Passenger Enplanements on U.S. Airlines, Unadjusted","International passenger enplanements (unadjusted) in millions (000,000)",2024,9,9.49
15,"Table 15. International Passenger Enplanements on U.S. Airlines, Unadjusted","International passenger enplanements (unadjusted) in millions (000,000)",2021,10,5.36
15,"Table 15. International Passenger Enplanements on U.S. Airlines, Unadjusted","International passenger enplanements (unadjusted) in millions (000,000)",2022,10,8.42
15,"Table 15. International Passenger Enplanements on U.S. Airlines, Unadjusted","International passenger enplanements (unadjusted) in millions (000,000)",2023,10,9.59
15,"Table 15. International Passenger Enplanements on U.S. Airlines, Unadjusted","International passenger enplanements (unadjusted) in millions (000,000)",2024,10,9.76
15,"Table 15. International Passenger Enplanements on U.S. Airlines, Unadjusted","International passenger enplanements (unadjusted) in millions (000,000)",2021,11,6.0
15,"Table 15. International Passenger Enplanements on U.S. Airlines, Unadjusted","International passenger enplanements (unadjusted) in millions (000,000)",2022,11,8.22
15,"Table 15. International Passenger Enplanements on U.S. Airlines, Unadjusted","International passenger enplanements (unadjusted) in millions (000,000)",2023,11,9.29
15,"Table 15. International Passenger Enplanements on U.S. Airlines, Unadjusted","International passenger enplanements (unadjusted) in millions (000,000)",2024,11,9.38
15,"Table 15. International Passenger Enplanements on U.S. Airlines, Unadjusted","International passenger enplanements (unadjusted) in millions (000,000)",2021,12,7.1
15,"Table 15. International Passenger Enplanements on U.S. Airlines, Unadjusted","International passenger enplanements (unadjusted) in millions (000,000)",2022,12,9.41
15,"Table 15. International Passenger Enplanements on U.S. Airlines, Unadjusted","International passenger enplanements (unadjusted) in millions (000,000)",2023,12,10.78
15,"Table 15. International Passenger Enplanements on U.S. Airlines, Unadjusted","International passenger enplanements (unadjusted) in millions (000,000)",2024,12,11.24
16,"Table 16. Systemwide Revenue Passenger-Miles (RPMs) on U.S. Airlines, Unadjusted","Systemwide (Domestic + International) RPMs (unadjusted) in billions (000,000,000)",2021,1,27.8
16,"Table 16. Systemwide Revenue Passenger-Miles (RPMs) on U.S. Airlines, Unadjusted","Systemwide (Domestic + International) RPMs (unadjusted) in billions (000,000,000)",2022,1,56.46
16,"Table 16. Systemwide Revenue Passenger-Miles (RPMs) on U.S. Airlines, Unadjusted","Systemwide (Domestic + International) RPMs (unadjusted) in billions (000,000,000)",2023,1,76.67
16,"Table 16. Systemwide Revenue Passenger-Miles (RPMs) on U.S. Airlines, Unadjusted","Systemwide (Domestic + International) RPMs (unadjusted) in billions (000,000,000)",2024,1,81.03
16,"Table 16. Systemwide Revenue Passenger-Miles (RPMs) on U.S. Airlines, Unadjusted","Systemwide (Domestic + International) RPMs (unadjusted) in billions (000,000,000)",2021,2,26.32
16,"Table 16. Systemwide Revenue Passenger-Miles (RPMs) on U.S. Airlines, Unadjusted","Systemwide (Domestic + International) RPMs (unadjusted) in billions (000,000,000)",2022,2,58.04
16,"Table 16. Systemwide Revenue Passenger-Miles (RPMs) on U.S. Airlines, Unadjusted","Systemwide (Domestic + International) RPMs (unadjusted) in billions (000,000,000)",2023,2,71.6
16,"Table 16. Systemwide Revenue Passenger-Miles (RPMs) on U.S. Airlines, Unadjusted","Systemwide (Domestic + International) RPMs (unadjusted) in billions (000,000,000)",2024,2,78.69
16,"Table 16. Systemwide Revenue Passenger-Miles (RPMs) on U.S. Airlines, Unadjusted","Systemwide (Domestic + International) RPMs (unadjusted) in billions (000,000,000)",2021,3,42.68
16,"Table 16. Systemwide Revenue Passenger-Miles (RPMs) on U.S. Airlines, Unadjusted","Systemwide (Domestic + International) RPMs (unadjusted) in billions (000,000,000)",2022,3,77.9
16,"Table 16. Systemwide Revenue Passenger-Miles (RPMs) on U.S. Airlines, Unadjusted","Systemwide (Domestic + International) RPMs (unadjusted) in billions (000,000,000)",2023,3,89.58
16,"Table 16. Systemwide Revenue Passenger-Miles (RPMs) on U.S. Airlines, Unadjusted","Systemwide (Domestic + International) RPMs (unadjusted) in billions (000,000,000)",2024,3,96.77
16,"Table 16. Systemwide Revenue Passenger-Miles (RPMs) on U.S. Airlines, Unadjusted","Systemwide (Domestic + International) RPMs (unadjusted) in billions (000,000,000)",2021,4,47.64
16,"Table 16. Systemwide Revenue Passenger-Miles (RPMs) on U.S. Airlines, Unadjusted","Systemwide (Domestic + International) RPMs (unadjusted) in billions (000,000,000)",2022,4,78.81
16,"Table 16. Systemwide Revenue Passenger-Miles (RPMs) on U.S. Airlines, Unadjusted","Systemwide (Domestic + International) RPMs (unadjusted) in billions (000,000,000)",2023,4,88.15
16,"Table 16. Systemwide Revenue Passenger-Miles (RPMs) on U.S. Airlines, Unadjusted","Systemwide (Domestic + International) RPMs (unadjusted) in billions (000,000,000)",2024,4,92.1
16,"Table 16. Systemwide Revenue Passenger-Miles (RPMs) on U.S. Airlines, Unadjusted","Systemwide (Domestic + International) RPMs (unadjusted) in billions (000,000,000)",2021,5,57.82
16,"Table 16. Systemwide Revenue Passenger-Miles (RPMs) on U.S. Airlines, Unadjusted","Systemwide (Domestic + International) RPMs (unadjusted) in billions (000,000,000)",2022,5,83.51
16,"Table 16. Systemwide Revenue Passenger-Miles (RPMs) on U.S. Airlines, Unadjusted","Systemwide (Domestic + International) RPMs (unadjusted) in billions (000,000,000)",2023,5,93.56
16,"Table 16. Systemwide Revenue Passenger-Miles (RPMs) on U.S. Airlines, Unadjusted","Systemwide (Domestic + International) RPMs (unadjusted) in billions (000,000,000)",2024,5,99.37
16,"Table 16. Systemwide Revenue Passenger-Miles (RPMs) on U.S. Airlines, Unadjusted","Systemwide (Domestic + International) RPMs (unadjusted) in billions (000,000,000)",2021,6,68.54
16,"Table 16. Systemwide Revenue Passenger-Miles (RPMs) on U.S. Airlines, Unadjusted","Systemwide (Domestic + International) RPMs (unadjusted) in billions (000,000,000)",2022,6,87.63
16,"Table 16. Systemwide Revenue Passenger-Miles (RPMs) on U.S. Airlines, Unadjusted","Systemwide (Domestic + International) RPMs (unadjusted) in billions (000,000,000)",2023,6,98.69
16,"Table 16. Systemwide Revenue Passenger-Miles (RPMs) on U.S. Airlines, Unadjusted","Systemwide (Domestic + International) RPMs (unadjusted) in billions (000,000,000)",2024,6,105.4
16,"Table 16. Systemwide Revenue Passenger-Miles (RPMs) on U.S. Airlines, Unadjusted","Systemwide (Domestic + International) RPMs (unadjusted) in billions (000,000,000)",2021,7,78.05
16,"Table 16. Systemwide Revenue Passenger-Miles (RPMs) on U.S. Airlines, Unadjusted","Systemwide (Domestic + International) RPMs (unadjusted) in billions (000,000,000)",2022,7,92.09
16,"Table 16. Systemwide Revenue Passenger-Miles (RPMs) on U.S. Airlines, Unadjusted","Systemwide (Domestic + International) RPMs (unadjusted) in billions (000,000,000)",2023,7,103.66
16,"Table 16. Systemwide Revenue Passenger-Miles (RPMs) on U.S. Airlines, Unadjusted","Systemwide (Domestic + International) RPMs (unadjusted) in billions (000,000,000)",2024,7,108.41
16,"Table 16. Systemwide Revenue Passenger-Miles (RPMs) on U.S. Airlines, Unadjusted","Systemwide (Domestic + International) RPMs (unadjusted) in billions (000,000,000)",2021,8,71.75
16,"Table 16. Systemwide Revenue Passenger-Miles (RPMs) on U.S. Airlines, Unadjusted","Systemwide (Domestic + International) RPMs (unadjusted) in billions (000,000,000)",2022,8,87.93
16,"Table 16. Systemwide Revenue Passenger-Miles (RPMs) on U.S. Airlines, Unadjusted","Systemwide (Domestic + International) RPMs (unadjusted) in billions (000,000,000)",2023,8,97.89
16,"Table 16. Systemwide Revenue Passenger-Miles (RPMs) on U.S. Airlines, Unadjusted","Systemwide (Domestic + International) RPMs (unadjusted) in billions (000,000,000)",2024,8,101.89
16,"Table 16. Systemwide Revenue Passenger-Miles (RPMs) on U.S. Airlines, Unadjusted","Systemwide (Domestic + International) RPMs (unadjusted) in billions (000,000,000)",2021,9,60.56
16,"Table 16. Systemwide Revenue Passenger-Miles (RPMs) on U.S. Airlines, Unadjusted","Systemwide (Domestic + International) RPMs (unadjusted) in billions (000,000,000)",2022,9,80.34
16,"Table 16. Systemwide Revenue Passenger-Miles (RPMs) on U.S. Airlines, Unadjusted","Systemwide (Domestic + International) RPMs (unadjusted) in billions (000,000,000)",2023,9,87.87
16,"Table 16. Systemwide Revenue Passenger-Miles (RPMs) on U.S. Airlines, Unadjusted","Systemwide (Domestic + International) RPMs (unadjusted) in billions (000,000,000)",2024,9,89.21
16,"Table 16. Systemwide Revenue Passenger-Miles (RPMs) on U.S. Airlines, Unadjusted","Systemwide (Domestic + International) RPMs (unadjusted) in billions (000,000,000)",2021,10,66.93
16,"Table 16. Systemwide Revenue Passenger-Miles (RPMs) on U.S. Airlines, Unadjusted","Systemwide (Domestic + International) RPMs (unadjusted) in billions (000,000,000)",2022,10,84.13
16,"Table 16. Systemwide Revenue Passenger-Miles (RPMs) on U.S. Airlines, Unadjusted","Systemwide (Domestic + International) RPMs (unadjusted) in billions (000,000,000)",2023,10,93.1
16,"Table 16. Systemwide Revenue Passenger-Miles (RPMs) on U.S. Airlines, Unadjusted","Systemwide (Domestic + International) RPMs (unadjusted) in billions (000,000,000)",2024,10,93.75
16,"Table 16. Systemwide Revenue Passenger-Miles (RPMs) on U.S. Airlines, Unadjusted","Systemwide (Domestic + International) RPMs (unadjusted) in billions (000,000,000)",2021,11,67.95
16,"Table 16. Systemwide Revenue Passenger-Miles (RPMs) on U.S. Airlines, Unadjusted","Systemwide (Domestic + International) RPMs (unadjusted) in billions (000,000,000)",2022,11,78.9
16,"Table 16. Systemwide Revenue Passenger-Miles (RPMs) on U.S. Airlines, Unadjusted","Systemwide (Domestic + International) RPMs (unadjusted) in billions (000,000,000)",2023,11,86.5
16,"Table 16. Systemwide Revenue Passenger-Miles (RPMs) on U.S. Airlines, Unadjusted","Systemwide (Domestic + International) RPMs (unadjusted) in billions (000,000,000)",2024,11,86.24
16,"Table 16. Systemwide Revenue Passenger-Miles (RPMs) on U.S. Airlines, Unadjusted","Systemwide (Domestic + International) RPMs (unadjusted) in billions (000,000,000)",2021,12,71.88
16,"Table 16. Systemwide Revenue Passenger-Miles (RPMs) on U.S. Airlines, Unadjusted","Systemwide (Domestic + International) RPMs (unadjusted) in billions (000,000,000)",2022,12,82.34
16,"Table 16. Systemwide Revenue Passenger-Miles (RPMs) on U.S. Airlines, Unadjusted","Systemwide (Domestic + International) RPMs (unadjusted) in billions (000,000,000)",2023,12,90.67
16,"Table 16. Systemwide Revenue Passenger-Miles (RPMs) on U.S. Airlines, Unadjusted","Systemwide (Domestic + International) RPMs (unadjusted) in billions (000,000,000)",2024,12,96.53
17,"Table 17. Domestic Revenue Passenger-Miles (RPMs) on U.S. Airlines, Unadjusted","Domestic RPMs (unadjusted) in billions (000,000,000)",2021,1,22.36
17,"Table 17. Domestic Revenue Passenger-Miles (RPMs) on U.S. Airlines, Unadjusted","Domestic RPMs (unadjusted) in billions (000,000,000)",2022,1,43.95
17,"Table 17. Domestic Revenue Passenger-Miles (RPMs) on U.S. Airlines, Unadjusted","Domestic RPMs (unadjusted) in billions (000,000,000)",2023,1,55.63
17,"Table 17. Domestic Revenue Passenger-Miles (RPMs) on U.S. Airlines, Unadjusted","Domestic RPMs (unadjusted) in billions (000,000,000)",2024,1,56.82
17,"Table 17. Domestic Revenue Passenger-Miles (RPMs) on U.S. Airlines, Unadjusted","Domestic RPMs (unadjusted) in billions (000,000,000)",2021,2,22.48
17,"Table 17. Domestic Revenue Passenger-Miles (RPMs) on U.S. Airlines, Unadjusted","Domestic RPMs (unadjusted) in billions (000,000,000)",2022,2,46.52
17,"Table 17. Domestic Revenue Passenger-Miles (RPMs) on U.S. Airlines, Unadjusted","Domestic RPMs (unadjusted) in billions (000,000,000)",2023,2,53.33
17,"Table 17. Domestic Revenue Passenger-Miles (RPMs) on U.S. Airlines, Unadjusted","Domestic RPMs (unadjusted) in billions (000,000,000)",2024,2,57.07
17,"Table 17. Domestic Revenue Passenger-Miles (RPMs) on U.S. Airlines, Unadjusted","Domestic RPMs (unadjusted) in billions (000,000,000)",2021,3,36.81
17,"Table 17. Domestic Revenue Passenger-Miles (RPMs) on U.S. Airlines, Unadjusted","Domestic RPMs (unadjusted) in billions (000,000,000)",2022,3,61.67
17,"Table 17. Domestic Revenue Passenger-Miles (RPMs) on U.S. Airlines, Unadjusted","Domestic RPMs (unadjusted) in billions (000,000,000)",2023,3,65.77
17,"Table 17. Domestic Revenue Passenger-Miles (RPMs) on U.S. Airlines, Unadjusted","Domestic RPMs (unadjusted) in billions (000,000,000)",2024,3,69.05
17,"Table 17. Domestic Revenue Passenger-Miles (RPMs) on U.S. Airlines, Unadjusted","Domestic RPMs (unadjusted) in billions (000,000,000)",2021,4,40.97
17,"Table 17. Domestic Revenue Passenger-Miles (RPMs) on U.S. Airlines, Unadjusted","Domestic RPMs (unadjusted) in billions (000,000,000)",2022,4,60.27
17,"Table 17. Domestic Revenue Passenger-Miles (RPMs) on U.S. Airlines, Unadjusted","Domestic RPMs (unadjusted) in billions (000,000,000)",2023,4,63.43
17,"Table 17. Domestic Revenue Passenger-Miles (RPMs) on U.S. Airlines, Unadjusted","Domestic RPMs (unadjusted) in billions (000,000,000)",2024,4,65.74
17,"Table 17. Domestic Revenue Passenger-Miles (RPMs) on U.S. Airlines, Unadjusted","Domestic RPMs (unadjusted) in billions (000,000,000)",2021,5,49.65
17,"Table 17. Domestic Revenue Passenger-Miles (RPMs) on U.S. Airlines, Unadjusted","Domestic RPMs (unadjusted) in billions (000,000,000)",2022,5,62.71
17,"Table 17. Domestic Revenue Passenger-Miles (RPMs) on U.S. Airlines, Unadjusted","Domestic RPMs (unadjusted) in billions (000,000,000)",2023,5,66.74
17,"Table 17. Domestic Revenue Passenger-Miles (RPMs) on U.S. Airlines, Unadjusted","Domestic RPMs (unadjusted) in billions (000,000,000)",2024,5,70.52
17,"Table 17. Domestic Revenue Passenger-Miles (RPMs) on U.S. Airlines, Unadjusted","Domestic RPMs (unadjusted) in billions (000,000,000)",2021,6,57.72
17,"Table 17. Domestic Revenue Passenger-Miles (RPMs) on U.S. Airlines, Unadjusted","Domestic RPMs (unadjusted) in billions (000,000,000)",2022,6,63.34
17,"Table 17. Domestic Revenue Passenger-Miles (RPMs) on U.S. Airlines, Unadjusted","Domestic RPMs (unadjusted) in billions (000,000,000)",2023,6,68.79
17,"Table 17. Domestic Revenue Passenger-Miles (RPMs) on U.S. Airlines, Unadjusted","Domestic RPMs (unadjusted) in billions (000,000,000)",2024,6,73.08
17,"Table 17. Domestic Revenue Passenger-Miles (RPMs) on U.S. Airlines, Unadjusted","Domestic RPMs (unadjusted) in billions (000,000,000)",2021,7,64.55
17,"Table 17. Domestic Revenue Passenger-Miles (RPMs) on U.S. Airlines, Unadjusted","Domestic RPMs (unadjusted) in billions (000,000,000)",2022,7,65.63
17,"Table 17. Domestic Revenue Passenger-Miles (RPMs) on U.S. Airlines, Unadjusted","Domestic RPMs (unadjusted) in billions (000,000,000)",2023,7,72.27
17,"Table 17. Domestic Revenue Passenger-Miles (RPMs) on U.S. Airlines, Unadjusted","Domestic RPMs (unadjusted) in billions (000,000,000)",2024,7,75.26
17,"Table 17. Domestic Revenue Passenger-Miles (RPMs) on U.S. Airlines, Unadjusted","Domestic RPMs (unadjusted) in billions (000,000,000)",2021,8,58.42
17,"Table 17. Domestic Revenue Passenger-Miles (RPMs) on U.S. Airlines, Unadjusted","Domestic RPMs (unadjusted) in billions (000,000,000)",2022,8,62.93
17,"Table 17. Domestic Revenue Passenger-Miles (RPMs) on U.S. Airlines, Unadjusted","Domestic RPMs (unadjusted) in billions (000,000,000)",2023,8,67.94
17,"Table 17. Domestic Revenue Passenger-Miles (RPMs) on U.S. Airlines, Unadjusted","Domestic RPMs (unadjusted) in billions (000,000,000)",2024,8,70.61
17,"Table 17. Domestic Revenue Passenger-Miles (RPMs) on U.S. Airlines, Unadjusted","Domestic RPMs (unadjusted) in billions (000,000,000)",2021,9,50.12
17,"Table 17. Domestic Revenue Passenger-Miles (RPMs) on U.S. Airlines, Unadjusted","Domestic RPMs (unadjusted) in billions (000,000,000)",2022,9,58.46
17,"Table 17. Domestic Revenue Passenger-Miles (RPMs) on U.S. Airlines, Unadjusted","Domestic RPMs (unadjusted) in billions (000,000,000)",2023,9,61.78
17,"Table 17. Domestic Revenue Passenger-Miles (RPMs) on U.S. Airlines, Unadjusted","Domestic RPMs (unadjusted) in billions (000,000,000)",2024,9,62.72
17,"Table 17. Domestic Revenue Passenger-Miles (RPMs) on U.S. Airlines, Unadjusted","Domestic RPMs (unadjusted) in billions (000,000,000)",2021,10,55.93
17,"Table 17. Domestic Revenue Passenger-Miles (RPMs) on U.S. Airlines, Unadjusted","Domestic RPMs (unadjusted) in billions (000,000,000)",2022,10,62.66
17,"Table 17. Domestic Revenue Passenger-Miles (RPMs) on U.S. Airlines, Unadjusted","Domestic RPMs (unadjusted) in billions (000,000,000)",2023,10,67.63
17,"Table 17. Domestic Revenue Passenger-Miles (RPMs) on U.S. Airlines, Unadjusted","Domestic RPMs (unadjusted) in billions (000,000,000)",2024,10,67.29
17,"Table 17. Domestic Revenue Passenger-Miles (RPMs) on U.S. Airlines, Unadjusted","Domestic RPMs (unadjusted) in billions (000,000,000)",2021,11,55.74
17,"Table 17. Domestic Revenue Passenger-Miles (RPMs) on U.S. Airlines, Unadjusted","Domestic RPMs (unadjusted) in billions (000,000,000)",2022,11,59.19
17,"Table 17. Domestic Revenue Passenger-Miles (RPMs) on U.S. Airlines, Unadjusted","Domestic RPMs (unadjusted) in billions (000,000,000)",2023,11,63.63
17,"Table 17. Domestic Revenue Passenger-Miles (RPMs) on U.S. Airlines, Unadjusted","Domestic RPMs (unadjusted) in billions (000,000,000)",2024,11,62.67
17,"Table 17. Domestic Revenue Passenger-Miles (RPMs) on U.S. Airlines, Unadjusted","Domestic RPMs (unadjusted) in billions (000,000,000)",2021,12,57.09
17,"Table 17. Domestic Revenue Passenger-Miles (RPMs) on U.S. Airlines, Unadjusted","Domestic RPMs (unadjusted) in billions (000,000,000)",2022,12,59.72
17,"Table 17. Domestic Revenue Passenger-Miles (RPMs) on U.S. Airlines, Unadjusted","Domestic RPMs (unadjusted) in billions (000,000,000)",2023,12,64.45
17,"Table 17. Domestic Revenue Passenger-Miles (RPMs) on U.S. Airlines, Unadjusted","Domestic RPMs (unadjusted) in billions (000,000,000)",2024,12,68.68
18,"Table 18. International Revenue Passenger-Miles (RPMs) on U.S. Airlines, Unadjusted","International RPMs (unadjusted) in billions (000,000,000)",2021,1,5.44
18,"Table 18. International Revenue Passenger-Miles (RPMs) on U.S. Airlines, Unadjusted","International RPMs (unadjusted) in billions (000,000,000)",2022,1,12.51
18,"Table 18. International Revenue Passenger-Miles (RPMs) on U.S. Airlines, Unadjusted","International RPMs (unadjusted) in billions (000,000,000)",2023,1,21.04
18,"Table 18. International Revenue Passenger-Miles (RPMs) on U.S. Airlines, Unadjusted","International RPMs (unadjusted) in billions (000,000,000)",2024,1,24.21
18,"Table 18. International Revenue Passenger-Miles (RPMs) on U.S. Airlines, Unadjusted","International RPMs (unadjusted) in billions (000,000,000)",2021,2,3.85
18,"Table 18. International Revenue Passenger-Miles (RPMs) on U.S. Airlines, Unadjusted","International RPMs (unadjusted) in billions (000,000,000)",2022,2,11.52
18,"Table 18. International Revenue Passenger-Miles (RPMs) on U.S. Airlines, Unadjusted","International RPMs (unadjusted) in billions (000,000,000)",2023,2,18.27
18,"Table 18. International Revenue Passenger-Miles (RPMs) on U.S. Airlines, Unadjusted","International RPMs (unadjusted) in billions (000,000,000)",2024,2,21.62
18,"Table 18. International Revenue Passenger-Miles (RPMs) on U.S. Airlines, Unadjusted","International RPMs (unadjusted) in billions (000,000,000)",2021,3,5.87
18,"Table 18. International Revenue Passenger-Miles (RPMs) on U.S. Airlines, Unadjusted","International RPMs (unadjusted) in billions (000,000,000)",2022,3,16.22
18,"Table 18. International Revenue Passenger-Miles (RPMs) on U.S. Airlines, Unadjusted","International RPMs (unadjusted) in billions (000,000,000)",2023,3,23.81
18,"Table 18. International Revenue Passenger-Miles (RPMs) on U.S. Airlines, Unadjusted","International RPMs (unadjusted) in billions (000,000,000)",2024,3,27.72
18,"Table 18. International Revenue Passenger-Miles (RPMs) on U.S. Airlines, Unadjusted","International RPMs (unadjusted) in billions (000,000,000)",2021,4,6.67
18,"Table 18. International Revenue Passenger-Miles (RPMs) on U.S. Airlines, Unadjusted","International RPMs (unadjusted) in billions (000,000,000)",2022,4,18.54
18,"Table 18. International Revenue Passenger-Miles (RPMs) on U.S. Airlines, Unadjusted","International RPMs (unadjusted) in billions (000,000,000)",2023,4,24.72
18,"Table 18. International Revenue Passenger-Miles (RPMs) on U.S. Airlines, Unadjusted","International RPMs (unadjusted) in billions (000,000,000)",2024,4,26.36
18,"Table 18. International Revenue Passenger-Miles (RPMs) on U.S. Airlines, Unadjusted","International RPMs (unadjusted) in billions (000,000,000)",2021,5,8.17
18,"Table 18. International Revenue Passenger-Miles (RPMs) on U.S. Airlines, Unadjusted","International RPMs (unadjusted) in billions (000,000,000)",2022,5,20.8
18,"Table 18. International Revenue Passenger-Miles (RPMs) on U.S. Airlines, Unadjusted","International RPMs (unadjusted) in billions (000,000,000)",2023,5,26.82
18,"Table 18. International Revenue Passenger-Miles (RPMs) on U.S. Airlines, Unadjusted","International RPMs (unadjusted) in billions (000,000,000)",2024,5,28.85
18,"Table 18. International Revenue Passenger-Miles (RPMs) on U.S. Airlines, Unadjusted","International RPMs (unadjusted) in billions (000,000,000)",2021,6,10.82
18,"Table 18. International Revenue Passenger-Miles (RPMs) on U.S. Airlines, Unadjusted","International RPMs (unadjusted) in billions (000,000,000)",2022,6,24.29
18,"Table 18. International Revenue Passenger-Miles (RPMs) on U.S. Airlines, Unadjusted","International RPMs (unadjusted) in billions (000,000,000)",2023,6,29.9
18,"Table 18. International Revenue Passenger-Miles (RPMs) on U.S. Airlines, Unadjusted","International RPMs (unadjusted) in billions (000,000,000)",2024,6,32.32
18,"Table 18. International Revenue Passenger-Miles (RPMs) on U.S. Airlines, Unadjusted","International RPMs (unadjusted) in billions (000,000,000)",2021,7,13.5
18,"Table 18. International Revenue Passenger-Miles (RPMs) on U.S. Airlines, Unadjusted","International RPMs (unadjusted) in billions (000,000,000)",2022,7,26.46
18,"Table 18. International Revenue Passenger-Miles (RPMs) on U.S. Airlines, Unadjusted","International RPMs (unadjusted) in billions (000,000,000)",2023,7,31.4
18,"Table 18. International Revenue Passenger-Miles (RPMs) on U.S. Airlines, Unadjusted","International RPMs (unadjusted) in billions (000,000,000)",2024,7,33.15
18,"Table 18. International Revenue Passenger-Miles (RPMs) on U.S. Airlines, Unadjusted","International RPMs (unadjusted) in billions (000,000,000)",2021,8,13.33
18,"Table 18. International Revenue Passenger-Miles (RPMs) on U.S. Airlines, Unadjusted","International RPMs (unadjusted) in billions (000,000,000)",2022,8,25.0
18,"Table 18. International Revenue Passenger-Miles (RPMs) on U.S. Airlines, Unadjusted","International RPMs (unadjusted) in billions (000,000,000)",2023,8,29.95
18,"Table 18. International Revenue Passenger-Miles (RPMs) on U.S. Airlines, Unadjusted","International RPMs (unadjusted) in billions (000,000,000)",2024,8,31.28
18,"Table 18. International Revenue Passenger-Miles (RPMs) on U.S. Airlines, Unadjusted","International RPMs (unadjusted) in billions (000,000,000)",2021,9,10.43
18,"Table 18. International Revenue Passenger-Miles (RPMs) on U.S. Airlines, Unadjusted","International RPMs (unadjusted) in billions (000,000,000)",2022,9,21.88
18,"Table 18. International Revenue Passenger-Miles (RPMs) on U.S. Airlines, Unadjusted","International RPMs (unadjusted) in billions (000,000,000)",2023,9,26.09
18,"Table 18. International Revenue Passenger-Miles (RPMs) on U.S. Airlines, Unadjusted","International RPMs (unadjusted) in billions (000,000,000)",2024,9,26.49
18,"Table 18. International Revenue Passenger-Miles (RPMs) on U.S. Airlines, Unadjusted","International RPMs (unadjusted) in billions (000,000,000)",2021,10,10.99
18,"Table 18. International Revenue Passenger-Miles (RPMs) on U.S. Airlines, Unadjusted","International RPMs (unadjusted) in billions (000,000,000)",2022,10,21.47
18,"Table 18. International Revenue Passenger-Miles (RPMs) on U.S. Airlines, Unadjusted","International RPMs (unadjusted) in billions (000,000,000)",2023,10,25.46
18,"Table 18. International Revenue Passenger-Miles (RPMs) on U.S. Airlines, Unadjusted","International RPMs (unadjusted) in billions (000,000,000)",2024,10,26.46
18,"Table 18. International Revenue Passenger-Miles (RPMs) on U.S. Airlines, Unadjusted","International RPMs (unadjusted) in billions (000,000,000)",2021,11,12.21
18,"Table 18. International Revenue Passenger-Miles (RPMs) on U.S. Airlines, Unadjusted","International RPMs (unadjusted) in billions (000,000,000)",2022,11,19.71
18,"Table 18. International Revenue Passenger-Miles (RPMs) on U.S. Airlines, Unadjusted","International RPMs (unadjusted) in billions (000,000,000)",2023,11,22.87
18,"Table 18. International Revenue Passenger-Miles (RPMs) on U.S. Airlines, Unadjusted","International RPMs (unadjusted) in billions (000,000,000)",2024,11,23.57
18,"Table 18. International Revenue Passenger-Miles (RPMs) on U.S. Airlines, Unadjusted","International RPMs (unadjusted) in billions (000,000,000)",2021,12,14.79
18,"Table 18. International Revenue Passenger-Miles (RPMs) on U.S. Airlines, Unadjusted","International RPMs (unadjusted) in billions (000,000,000)",2022,12,22.61
18,"Table 18. International Revenue Passenger-Miles (RPMs) on U.S. Airlines, Unadjusted","International RPMs (unadjusted) in billions (000,000,000)",2023,12,26.21
18,"Table 18. International Revenue Passenger-Miles (RPMs) on U.S. Airlines, Unadjusted","International RPMs (unadjusted) in billions (000,000,000)",2024,12,27.85
19,"Table 19. Systemwide Available Seat-Miles (ASMs) on U.S. Airlines, Unadjusted","Systemwide (Domestic + International) ASMs (unadjusted) in billions (000,000,000)",2021,1,55.3
19,"Table 19. Systemwide Available Seat-Miles (ASMs) on U.S. Airlines, Unadjusted","Systemwide (Domestic + International) ASMs (unadjusted) in billions (000,000,000)",2022,1,85.2
19,"Table 19. Systemwide Available Seat-Miles (ASMs) on U.S. Airlines, Unadjusted","Systemwide (Domestic + International) ASMs (unadjusted) in billions (000,000,000)",2023,1,99.0
19,"Table 19. Systemwide Available Seat-Miles (ASMs) on U.S. Airlines, Unadjusted","Systemwide (Domestic + International) ASMs (unadjusted) in billions (000,000,000)",2024,1,103.4
19,"Table 19. Systemwide Available Seat-Miles (ASMs) on U.S. Airlines, Unadjusted","Systemwide (Domestic + International) ASMs (unadjusted) in billions (000,000,000)",2021,2,48.9
19,"Table 19. Systemwide Available Seat-Miles (ASMs) on U.S. Airlines, Unadjusted","Systemwide (Domestic + International) ASMs (unadjusted) in billions (000,000,000)",2022,2,79.2
19,"Table 19. Systemwide Available Seat-Miles (ASMs) on U.S. Airlines, Unadjusted","Systemwide (Domestic + International) ASMs (unadjusted) in billions (000,000,000)",2023,2,91.3
19,"Table 19. Systemwide Available Seat-Miles (ASMs) on U.S. Airlines, Unadjusted","Systemwide (Domestic + International) ASMs (unadjusted) in billions (000,000,000)",2024,2,99.8
19,"Table 19. Systemwide Available Seat-Miles (ASMs) on U.S. Airlines, Unadjusted","Systemwide (Domestic + International) ASMs (unadjusted) in billions (000,000,000)",2021,3,67.3
19,"Table 19. Systemwide Available Seat-Miles (ASMs) on U.S. Airlines, Unadjusted","Systemwide (Domestic + International) ASMs (unadjusted) in billions (000,000,000)",2022,3,94.0
19,"Table 19. Systemwide Available Seat-Miles (ASMs) on U.S. Airlines, Unadjusted","Systemwide (Domestic + International) ASMs (unadjusted) in billions (000,000,000)",2023,3,106.8
19,"Table 19. Systemwide Available Seat-Miles (ASMs) on U.S. Airlines, Unadjusted","Systemwide (Domestic + International) ASMs (unadjusted) in billions (000,000,000)",2024,3,115.0
19,"Table 19. Systemwide Available Seat-Miles (ASMs) on U.S. Airlines, Unadjusted","Systemwide (Domestic + International) ASMs (unadjusted) in billions (000,000,000)",2021,4,68.9
19,"Table 19. Systemwide Available Seat-Miles (ASMs) on U.S. Airlines, Unadjusted","Systemwide (Domestic + International) ASMs (unadjusted) in billions (000,000,000)",2022,4,92.5
19,"Table 19. Systemwide Available Seat-Miles (ASMs) on U.S. Airlines, Unadjusted","Systemwide (Domestic + International) ASMs (unadjusted) in billions (000,000,000)",2023,4,104.3
19,"Table 19. Systemwide Available Seat-Miles (ASMs) on U.S. Airlines, Unadjusted","Systemwide (Domestic + International) ASMs (unadjusted) in billions (000,000,000)",2024,4,112.0
19,"Table 19. Systemwide Available Seat-Miles (ASMs) on U.S. Airlines, Unadjusted","Systemwide (Domestic + International) ASMs (unadjusted) in billions (000,000,000)",2021,5,76.7
19,"Table 19. Systemwide Available Seat-Miles (ASMs) on U.S. Airlines, Unadjusted","Systemwide (Domestic + International) ASMs (unadjusted) in billions (000,000,000)",2022,5,97.3
19,"Table 19. Systemwide Available Seat-Miles (ASMs) on U.S. Airlines, Unadjusted","Systemwide (Domestic + International) ASMs (unadjusted) in billions (000,000,000)",2023,5,109.8
19,"Table 19. Systemwide Available Seat-Miles (ASMs) on U.S. Airlines, Unadjusted","Systemwide (Domestic + International) ASMs (unadjusted) in billions (000,000,000)",2024,5,117.1
19,"Table 19. Systemwide Available Seat-Miles (ASMs) on U.S. Airlines, Unadjusted","Systemwide (Domestic + International) ASMs (unadjusted) in billions (000,000,000)",2021,6,84.6
19,"Table 19. Systemwide Available Seat-Miles (ASMs) on U.S. Airlines, Unadjusted","Systemwide (Domestic + International) ASMs (unadjusted) in billions (000,000,000)",2022,6,98.3
19,"Table 19. Systemwide Available Seat-Miles (ASMs) on U.S. Airlines, Unadjusted","Systemwide (Domestic + International) ASMs (unadjusted) in billions (000,000,000)",2023,6,111.5
19,"Table 19. Systemwide Available Seat-Miles (ASMs) on U.S. Airlines, Unadjusted","Systemwide (Domestic + International) ASMs (unadjusted) in billions (000,000,000)",2024,6,120.5
19,"Table 19. Systemwide Available Seat-Miles (ASMs) on U.S. Airlines, Unadjusted","Systemwide (Domestic + International) ASMs (unadjusted) in billions (000,000,000)",2021,7,92.6
19,"Table 19. Systemwide Available Seat-Miles (ASMs) on U.S. Airlines, Unadjusted","Systemwide (Domestic + International) ASMs (unadjusted) in billions (000,000,000)",2022,7,104.6
19,"Table 19. Systemwide Available Seat-Miles (ASMs) on U.S. Airlines, Unadjusted","Systemwide (Domestic + International) ASMs (unadjusted) in billions (000,000,000)",2023,7,117.3
19,"Table 19. Systemwide Available Seat-Miles (ASMs) on U.S. Airlines, Unadjusted","Systemwide (Domestic + International) ASMs (unadjusted) in billions (000,000,000)",2024,7,123.7
19,"Table 19. Systemwide Available Seat-Miles (ASMs) on U.S. Airlines, Unadjusted","Systemwide (Domestic + International) ASMs (unadjusted) in billions (000,000,000)",2021,8,91.2
19,"Table 19. Systemwide Available Seat-Miles (ASMs) on U.S. Airlines, Unadjusted","Systemwide (Domestic + International) ASMs (unadjusted) in billions (000,000,000)",2022,8,103.1
19,"Table 19. Systemwide Available Seat-Miles (ASMs) on U.S. Airlines, Unadjusted","Systemwide (Domestic + International) ASMs (unadjusted) in billions (000,000,000)",2023,8,116.9
19,"Table 19. Systemwide Available Seat-Miles (ASMs) on U.S. Airlines, Unadjusted","Systemwide (Domestic + International) ASMs (unadjusted) in billions (000,000,000)",2024,8,119.3
19,"Table 19. Systemwide Available Seat-Miles (ASMs) on U.S. Airlines, Unadjusted","Systemwide (Domestic + International) ASMs (unadjusted) in billions (000,000,000)",2021,9,84.0
19,"Table 19. Systemwide Available Seat-Miles (ASMs) on U.S. Airlines, Unadjusted","Systemwide (Domestic + International) ASMs (unadjusted) in billions (000,000,000)",2022,9,95.0
19,"Table 19. Systemwide Available Seat-Miles (ASMs) on U.S. Airlines, Unadjusted","Systemwide (Domestic + International) ASMs (unadjusted) in billions (000,000,000)",2023,9,107.0
19,"Table 19. Systemwide Available Seat-Miles (ASMs) on U.S. Airlines, Unadjusted","Systemwide (Domestic + International) ASMs (unadjusted) in billions (000,000,000)",2024,9,108.8
19,"Table 19. Systemwide Available Seat-Miles (ASMs) on U.S. Airlines, Unadjusted","Systemwide (Domestic + International) ASMs (unadjusted) in billions (000,000,000)",2021,10,87.2
19,"Table 19. Systemwide Available Seat-Miles (ASMs) on U.S. Airlines, Unadjusted","Systemwide (Domestic + International) ASMs (unadjusted) in billions (000,000,000)",2022,10,98.1
19,"Table 19. Systemwide Available Seat-Miles (ASMs) on U.S. Airlines, Unadjusted","Systemwide (Domestic + International) ASMs (unadjusted) in billions (000,000,000)",2023,10,111.6
19,"Table 19. Systemwide Available Seat-Miles (ASMs) on U.S. Airlines, Unadjusted","Systemwide (Domestic + International) ASMs (unadjusted) in billions (000,000,000)",2024,10,112.6
19,"Table 19. Systemwide Available Seat-Miles (ASMs) on U.S. Airlines, Unadjusted","Systemwide (Domestic + International) ASMs (unadjusted) in billions (000,000,000)",2021,11,86.2
19,"Table 19. Systemwide Available Seat-Miles (ASMs) on U.S. Airlines, Unadjusted","Systemwide (Domestic + International) ASMs (unadjusted) in billions (000,000,000)",2022,11,94.9
19,"Table 19. Systemwide Available Seat-Miles (ASMs) on U.S. Airlines, Unadjusted","Systemwide (Domestic + International) ASMs (unadjusted) in billions (000,000,000)",2023,11,105.9
19,"Table 19. Systemwide Available Seat-Miles (ASMs) on U.S. Airlines, Unadjusted","Systemwide (Domestic + International) ASMs (unadjusted) in billions (000,000,000)",2024,11,107.1
19,"Table 19. Systemwide Available Seat-Miles (ASMs) on U.S. Airlines, Unadjusted","Systemwide (Domestic + International) ASMs (unadjusted) in billions (000,000,000)",2021,12,90.1
19,"Table 19. Systemwide Available Seat-Miles (ASMs) on U.S. Airlines, Unadjusted","Systemwide (Domestic + International) ASMs (unadjusted) in billions (000,000,000)",2022,12,98.7
19,"Table 19. Systemwide Available Seat-Miles (ASMs) on U.S. Airlines, Unadjusted","Systemwide (Domestic + International) ASMs (unadjusted) in billions (000,000,000)",2023,12,111.7
19,"Table 19. Systemwide Available Seat-Miles (ASMs) on U.S. Airlines, Unadjusted","Systemwide (Domestic + International) ASMs (unadjusted) in billions (000,000,000)",2024,12,114.7
20,"Table 20. Domestic Available Seat-Miles (ASMs) on U.S. Airlines, Unadjusted","Domestic ASMs (unadjusted) in billions (000,000,000)",2021,1,42.3
20,"Table 20. Domestic Available Seat-Miles (ASMs) on U.S. Airlines, Unadjusted","Domestic ASMs (unadjusted) in billions (000,000,000)",2022,1,64.3
20,"Table 20. Domestic Available Seat-Miles (ASMs) on U.S. Airlines, Unadjusted","Domestic ASMs (unadjusted) in billions (000,000,000)",2023,1,72.1
20,"Table 20. Domestic Available Seat-Miles (ASMs) on U.S. Airlines, Unadjusted","Domestic ASMs (unadjusted) in billions (000,000,000)",2024,1,71.9
20,"Table 20. Domestic Available Seat-Miles (ASMs) on U.S. Airlines, Unadjusted","Domestic ASMs (unadjusted) in billions (000,000,000)",2021,2,37.9
20,"Table 20. Domestic Available Seat-Miles (ASMs) on U.S. Airlines, Unadjusted","Domestic ASMs (unadjusted) in billions (000,000,000)",2022,2,60.6
20,"Table 20. Domestic Available Seat-Miles (ASMs) on U.S. Airlines, Unadjusted","Domestic ASMs (unadjusted) in billions (000,000,000)",2023,2,67.0
20,"Table 20. Domestic Available Seat-Miles (ASMs) on U.S. Airlines, Unadjusted","Domestic ASMs (unadjusted) in billions (000,000,000)",2024,2,70.6
20,"Table 20. Domestic Available Seat-Miles (ASMs) on U.S. Airlines, Unadjusted","Domestic ASMs (unadjusted) in billions (000,000,000)",2021,3,53.7
20,"Table 20. Domestic Available Seat-Miles (ASMs) on U.S. Airlines, Unadjusted","Domestic ASMs (unadjusted) in billions (000,000,000)",2022,3,72.0
20,"Table 20. Domestic Available Seat-Miles (ASMs) on U.S. Airlines, Unadjusted","Domestic ASMs (unadjusted) in billions (000,000,000)",2023,3,78.1
20,"Table 20. Domestic Available Seat-Miles (ASMs) on U.S. Airlines, Unadjusted","Domestic ASMs (unadjusted) in billions (000,000,000)",2024,3,81.5
20,"Table 20. Domestic Available Seat-Miles (ASMs) on U.S. Airlines, Unadjusted","Domestic ASMs (unadjusted) in billions (000,000,000)",2021,4,54.8
20,"Table 20. Domestic Available Seat-Miles (ASMs) on U.S. Airlines, Unadjusted","Domestic ASMs (unadjusted) in billions (000,000,000)",2022,4,68.7
20,"Table 20. Domestic Available Seat-Miles (ASMs) on U.S. Airlines, Unadjusted","Domestic ASMs (unadjusted) in billions (000,000,000)",2023,4,74.3
20,"Table 20. Domestic Available Seat-Miles (ASMs) on U.S. Airlines, Unadjusted","Domestic ASMs (unadjusted) in billions (000,000,000)",2024,4,78.9
20,"Table 20. Domestic Available Seat-Miles (ASMs) on U.S. Airlines, Unadjusted","Domestic ASMs (unadjusted) in billions (000,000,000)",2021,5,61.3
20,"Table 20. Domestic Available Seat-Miles (ASMs) on U.S. Airlines, Unadjusted","Domestic ASMs (unadjusted) in billions (000,000,000)",2022,5,71.0
20,"Table 20. Domestic Available Seat-Miles (ASMs) on U.S. Airlines, Unadjusted","Domestic ASMs (unadjusted) in billions (000,000,000)",2023,5,77.8
20,"Table 20. Domestic Available Seat-Miles (ASMs) on U.S. Airlines, Unadjusted","Domestic ASMs (unadjusted) in billions (000,000,000)",2024,5,82.2
20,"Table 20. Domestic Available Seat-Miles (ASMs) on U.S. Airlines, Unadjusted","Domestic ASMs (unadjusted) in billions (000,000,000)",2021,6,67.5
20,"Table 20. Domestic Available Seat-Miles (ASMs) on U.S. Airlines, Unadjusted","Domestic ASMs (unadjusted) in billions (000,000,000)",2022,6,70.4
20,"Table 20. Domestic Available Seat-Miles (ASMs) on U.S. Airlines, Unadjusted","Domestic ASMs (unadjusted) in billions (000,000,000)",2023,6,78.1
20,"Table 20. Domestic Available Seat-Miles (ASMs) on U.S. Airlines, Unadjusted","Domestic ASMs (unadjusted) in billions (000,000,000)",2024,6,83.9
20,"Table 20. Domestic Available Seat-Miles (ASMs) on U.S. Airlines, Unadjusted","Domestic ASMs (unadjusted) in billions (000,000,000)",2021,7,73.4
20,"Table 20. Domestic Available Seat-Miles (ASMs) on U.S. Airlines, Unadjusted","Domestic ASMs (unadjusted) in billions (000,000,000)",2022,7,75.0
20,"Table 20. Domestic Available Seat-Miles (ASMs) on U.S. Airlines, Unadjusted","Domestic ASMs (unadjusted) in billions (000,000,000)",2023,7,82.0
20,"Table 20. Domestic Available Seat-Miles (ASMs) on U.S. Airlines, Unadjusted","Domestic ASMs (unadjusted) in billions (000,000,000)",2024,7,86.0
20,"Table 20. Domestic Available Seat-Miles (ASMs) on U.S. Airlines, Unadjusted","Domestic ASMs (unadjusted) in billions (000,000,000)",2021,8,71.9
20,"Table 20. Domestic Available Seat-Miles (ASMs) on U.S. Airlines, Unadjusted","Domestic ASMs (unadjusted) in billions (000,000,000)",2022,8,73.8
20,"Table 20. Domestic Available Seat-Miles (ASMs) on U.S. Airlines, Unadjusted","Domestic ASMs (unadjusted) in billions (000,000,000)",2023,8,82.0
20,"Table 20. Domestic Available Seat-Miles (ASMs) on U.S. Airlines, Unadjusted","Domestic ASMs (unadjusted) in billions (000,000,000)",2024,8,83.2
20,"Table 20. Domestic Available Seat-Miles (ASMs) on U.S. Airlines, Unadjusted","Domestic ASMs (unadjusted) in billions (000,000,000)",2021,9,66.3
20,"Table 20. Domestic Available Seat-Miles (ASMs) on U.S. Airlines, Unadjusted","Domestic ASMs (unadjusted) in billions (000,000,000)",2022,9,68.9
20,"Table 20. Domestic Available Seat-Miles (ASMs) on U.S. Airlines, Unadjusted","Domestic ASMs (unadjusted) in billions (000,000,000)",2023,9,75.7
20,"Table 20. Domestic Available Seat-Miles (ASMs) on U.S. Airlines, Unadjusted","Domestic ASMs (unadjusted) in billions (000,000,000)",2024,9,77.0
20,"Table 20. Domestic Available Seat-Miles (ASMs) on U.S. Airlines, Unadjusted","Domestic ASMs (unadjusted) in billions (000,000,000)",2021,10,69.1
20,"Table 20. Domestic Available Seat-Miles (ASMs) on U.S. Airlines, Unadjusted","Domestic ASMs (unadjusted) in billions (000,000,000)",2022,10,72.3
20,"Table 20. Domestic Available Seat-Miles (ASMs) on U.S. Airlines, Unadjusted","Domestic ASMs (unadjusted) in billions (000,000,000)",2023,10,80.7
20,"Table 20. Domestic Available Seat-Miles (ASMs) on U.S. Airlines, Unadjusted","Domestic ASMs (unadjusted) in billions (000,000,000)",2024,10,80.9
20,"Table 20. Domestic Available Seat-Miles (ASMs) on U.S. Airlines, Unadjusted","Domestic ASMs (unadjusted) in billions (000,000,000)",2021,11,68.5
20,"Table 20. Domestic Available Seat-Miles (ASMs) on U.S. Airlines, Unadjusted","Domestic ASMs (unadjusted) in billions (000,000,000)",2022,11,70.3
20,"Table 20. Domestic Available Seat-Miles (ASMs) on U.S. Airlines, Unadjusted","Domestic ASMs (unadjusted) in billions (000,000,000)",2023,11,76.7
20,"Table 20. Domestic Available Seat-Miles (ASMs) on U.S. Airlines, Unadjusted","Domestic ASMs (unadjusted) in billions (000,000,000)",2024,11,77.6
20,"Table 20. Domestic Available Seat-Miles (ASMs) on U.S. Airlines, Unadjusted","Domestic ASMs (unadjusted) in billions (000,000,000)",2021,12,69.4
20,"Table 20. Domestic Available Seat-Miles (ASMs) on U.S. Airlines, Unadjusted","Domestic ASMs (unadjusted) in billions (000,000,000)",2022,12,71.3
20,"Table 20. Domestic Available Seat-Miles (ASMs) on U.S. Airlines, Unadjusted","Domestic ASMs (unadjusted) in billions (000,000,000)",2023,12,78.9
20,"Table 20. Domestic Available Seat-Miles (ASMs) on U.S. Airlines, Unadjusted","Domestic ASMs (unadjusted) in billions (000,000,000)",2024,12,81.4
21,"Table 21. International Available Seat-Miles (ASMs) on U.S. Airlines, Unadjusted","International ASMs (unadjusted) in billions (000,000,000)",2021,1,12.9
21,"Table 21. International Available Seat-Miles (ASMs) on U.S. Airlines, Unadjusted","International ASMs (unadjusted) in billions (000,000,000)",2022,1,20.9
21,"Table 21. International Available Seat-Miles (ASMs) on U.S. Airlines, Unadjusted","International ASMs (unadjusted) in billions (000,000,000)",2023,1,26.8
21,"Table 21. International Available Seat-Miles (ASMs) on U.S. Airlines, Unadjusted","International ASMs (unadjusted) in billions (000,000,000)",2024,1,31.5
21,"Table 21. International Available Seat-Miles (ASMs) on U.S. Airlines, Unadjusted","International ASMs (unadjusted) in billions (000,000,000)",2021,2,11.0
21,"Table 21. International Available Seat-Miles (ASMs) on U.S. Airlines, Unadjusted","International ASMs (unadjusted) in billions (000,000,000)",2022,2,18.5
21,"Table 21. International Available Seat-Miles (ASMs) on U.S. Airlines, Unadjusted","International ASMs (unadjusted) in billions (000,000,000)",2023,2,24.2
21,"Table 21. International Available Seat-Miles (ASMs) on U.S. Airlines, Unadjusted","International ASMs (unadjusted) in billions (000,000,000)",2024,2,29.2
21,"Table 21. International Available Seat-Miles (ASMs) on U.S. Airlines, Unadjusted","International ASMs (unadjusted) in billions (000,000,000)",2021,3,13.5
21,"Table 21. International Available Seat-Miles (ASMs) on U.S. Airlines, Unadjusted","International ASMs (unadjusted) in billions (000,000,000)",2022,3,22.1
21,"Table 21. International Available Seat-Miles (ASMs) on U.S. Airlines, Unadjusted","International ASMs (unadjusted) in billions (000,000,000)",2023,3,28.7
21,"Table 21. International Available Seat-Miles (ASMs) on U.S. Airlines, Unadjusted","International ASMs (unadjusted) in billions (000,000,000)",2024,3,33.5
21,"Table 21. International Available Seat-Miles (ASMs) on U.S. Airlines, Unadjusted","International ASMs (unadjusted) in billions (000,000,000)",2021,4,14.1
21,"Table 21. International Available Seat-Miles (ASMs) on U.S. Airlines, Unadjusted","International ASMs (unadjusted) in billions (000,000,000)",2022,4,23.8
21,"Table 21. International Available Seat-Miles (ASMs) on U.S. Airlines, Unadjusted","International ASMs (unadjusted) in billions (000,000,000)",2023,4,30.0
21,"Table 21. International Available Seat-Miles (ASMs) on U.S. Airlines, Unadjusted","International ASMs (unadjusted) in billions (000,000,000)",2024,4,33.1
21,"Table 21. International Available Seat-Miles (ASMs) on U.S. Airlines, Unadjusted","International ASMs (unadjusted) in billions (000,000,000)",2021,5,15.4
21,"Table 21. International Available Seat-Miles (ASMs) on U.S. Airlines, Unadjusted","International ASMs (unadjusted) in billions (000,000,000)",2022,5,26.3
21,"Table 21. International Available Seat-Miles (ASMs) on U.S. Airlines, Unadjusted","International ASMs (unadjusted) in billions (000,000,000)",2023,5,32.0
21,"Table 21. International Available Seat-Miles (ASMs) on U.S. Airlines, Unadjusted","International ASMs (unadjusted) in billions (000,000,000)",2024,5,34.9
21,"Table 21. International Available Seat-Miles (ASMs) on U.S. Airlines, Unadjusted","International ASMs (unadjusted) in billions (000,000,000)",2021,6,17.1
21,"Table 21. International Available Seat-Miles (ASMs) on U.S. Airlines, Unadjusted","International ASMs (unadjusted) in billions (000,000,000)",2022,6,27.9
21,"Table 21. International Available Seat-Miles (ASMs) on U.S. Airlines, Unadjusted","International ASMs (unadjusted) in billions (000,000,000)",2023,6,33.4
21,"Table 21. International Available Seat-Miles (ASMs) on U.S. Airlines, Unadjusted","International ASMs (unadjusted) in billions (000,000,000)",2024,6,36.6
21,"Table 21. International Available Seat-Miles (ASMs) on U.S. Airlines, Unadjusted","International ASMs (unadjusted) in billions (000,000,000)",2021,7,19.2
21,"Table 21. International Available Seat-Miles (ASMs) on U.S. Airlines, Unadjusted","International ASMs (unadjusted) in billions (000,000,000)",2022,7,29.7
21,"Table 21. International Available Seat-Miles (ASMs) on U.S. Airlines, Unadjusted","International ASMs (unadjusted) in billions (000,000,000)",2023,7,35.4
21,"Table 21. International Available Seat-Miles (ASMs) on U.S. Airlines, Unadjusted","International ASMs (unadjusted) in billions (000,000,000)",2024,7,37.6
21,"Table 21. International Available Seat-Miles (ASMs) on U.S. Airlines, Unadjusted","International ASMs (unadjusted) in billions (000,000,000)",2021,8,19.3
21,"Table 21. International Available Seat-Miles (ASMs) on U.S. Airlines, Unadjusted","International ASMs (unadjusted) in billions (000,000,000)",2022,8,29.3
21,"Table 21. International Available Seat-Miles (ASMs) on U.S. Airlines, Unadjusted","International ASMs (unadjusted) in billions (000,000,000)",2023,8,34.9
21,"Table 21. International Available Seat-Miles (ASMs) on U.S. Airlines, Unadjusted","International ASMs (unadjusted) in billions (000,000,000)",2024,8,36.2
21,"Table 21. International Available Seat-Miles (ASMs) on U.S. Airlines, Unadjusted","International ASMs (unadjusted) in billions (000,000,000)",2021,9,17.7
21,"Table 21. International Available Seat-Miles (ASMs) on U.S. Airlines, Unadjusted","International ASMs (unadjusted) in billions (000,000,000)",2022,9,26.1
21,"Table 21. International Available Seat-Miles (ASMs) on U.S. Airlines, Unadjusted","International ASMs (unadjusted) in billions (000,000,000)",2023,9,31.3
21,"Table 21. International Available Seat-Miles (ASMs) on U.S. Airlines, Unadjusted","International ASMs (unadjusted) in billions (000,000,000)",2024,9,31.8
21,"Table 21. International Available Seat-Miles (ASMs) on U.S. Airlines, Unadjusted","International ASMs (unadjusted) in billions (000,000,000)",2021,10,18.1
21,"Table 21. International Available Seat-Miles (ASMs) on U.S. Airlines, Unadjusted","International ASMs (unadjusted) in billions (000,000,000)",2022,10,25.9
21,"Table 21. International Available Seat-Miles (ASMs) on U.S. Airlines, Unadjusted","International ASMs (unadjusted) in billions (000,000,000)",2023,10,31.0
21,"Table 21. International Available Seat-Miles (ASMs) on U.S. Airlines, Unadjusted","International ASMs (unadjusted) in billions (000,000,000)",2024,10,31.8
21,"Table 21. International Available Seat-Miles (ASMs) on U.S. Airlines, Unadjusted","International ASMs (unadjusted) in billions (000,000,000)",2021,11,17.7
21,"Table 21. International Available Seat-Miles (ASMs) on U.S. Airlines, Unadjusted","International ASMs (unadjusted) in billions (000,000,000)",2022,11,24.6
21,"Table 21. International Available Seat-Miles (ASMs) on U.S. Airlines, Unadjusted","International ASMs (unadjusted) in billions (000,000,000)",2023,11,29.2
21,"Table 21. International Available Seat-Miles (ASMs) on U.S. Airlines, Unadjusted","International ASMs (unadjusted) in billions (000,000,000)",2024,11,29.5
21,"Table 21. International Available Seat-Miles (ASMs) on U.S. Airlines, Unadjusted","International ASMs (unadjusted) in billions (000,000,000)",2021,12,20.7
21,"Table 21. International Available Seat-Miles (ASMs) on U.S. Airlines, Unadjusted","International ASMs (unadjusted) in billions (000,000,000)",2022,12,27.4
21,"Table 21. International Available Seat-Miles (ASMs) on U.S. Airlines, Unadjusted","International ASMs (unadjusted) in billions (000,000,000)",2023,12,32.8
21,"Table 21. International Available Seat-Miles (ASMs) on U.S. Airlines, Unadjusted","International ASMs (unadjusted) in billions (000,000,000)",2024,12,33.3
22,"Table 22. Systemwide Load Factor on U.S. Airlines, Unadjusted",Systemwide (Domestic + International) RPMs/ASMs (both unadjusted) in percent,2021,1,50.3018
22,"Table 22. Systemwide Load Factor on U.S. Airlines, Unadjusted",Systemwide (Domestic + International) RPMs/ASMs (both unadjusted) in percent,2022,1,66.2541
22,"Table 22. Systemwide Load Factor on U.S. Airlines, Unadjusted",Systemwide (Domestic + International) RPMs/ASMs (both unadjusted) in percent,2023,1,77.4733
22,"Table 22. Systemwide Load Factor on U.S. Airlines, Unadjusted",Systemwide (Domestic + International) RPMs/ASMs (both unadjusted) in percent,2024,1,78.3665
22,"Table 22. Systemwide Load Factor on U.S. Airlines, Unadjusted",Systemwide (Domestic + International) RPMs/ASMs (both unadjusted) in percent,2021,2,53.8181
22,"Table 22. Systemwide Load Factor on U.S. Airlines, Unadjusted",Systemwide (Domestic + International) RPMs/ASMs (both unadjusted) in percent,2022,2,73.3163
22,"Table 22. Systemwide Load Factor on U.S. Airlines, Unadjusted",Systemwide (Domestic + International) RPMs/ASMs (both unadjusted) in percent,2023,2,78.4446
22,"Table 22. Systemwide Load Factor on U.S. Airlines, Unadjusted",Systemwide (Domestic + International) RPMs/ASMs (both unadjusted) in percent,2024,2,78.8554
22,"Table 22. Systemwide Load Factor on U.S. Airlines, Unadjusted",Systemwide (Domestic + International) RPMs/ASMs (both unadjusted) in percent,2021,3,63.4443
22,"Table 22. Systemwide Load Factor on U.S. Airlines, Unadjusted",Systemwide (Domestic + International) RPMs/ASMs (both unadjusted) in percent,2022,3,82.8336
22,"Table 22. Systemwide Load Factor on U.S. Airlines, Unadjusted",Systemwide (Domestic + International) RPMs/ASMs (both unadjusted) in percent,2023,3,83.8925
22,"Table 22. Systemwide Load Factor on U.S. Airlines, Unadjusted",Systemwide (Domestic + International) RPMs/ASMs (both unadjusted) in percent,2024,3,84.1443
22,"Table 22. Systemwide Load Factor on U.S. Airlines, Unadjusted",Systemwide (Domestic + International) RPMs/ASMs (both unadjusted) in percent,2021,4,69.116
22,"Table 22. Systemwide Load Factor on U.S. Airlines, Unadjusted",Systemwide (Domestic + International) RPMs/ASMs (both unadjusted) in percent,2022,4,85.2313
22,"Table 22. Systemwide Load Factor on U.S. Airlines, Unadjusted",Systemwide (Domestic + International) RPMs/ASMs (both unadjusted) in percent,2023,4,84.4802
22,"Table 22. Systemwide Load Factor on U.S. Airlines, Unadjusted",Systemwide (Domestic + International) RPMs/ASMs (both unadjusted) in percent,2024,4,82.2028
22,"Table 22. Systemwide Load Factor on U.S. Airlines, Unadjusted",Systemwide (Domestic + International) RPMs/ASMs (both unadjusted) in percent,2021,5,75.3517
22,"Table 22. Systemwide Load Factor on U.S. Airlines, Unadjusted",Systemwide (Domestic + International) RPMs/ASMs (both unadjusted) in percent,2022,5,85.8554
22,"Table 22. Systemwide Load Factor on U.S. Airlines, Unadjusted",Systemwide (Domestic + International) RPMs/ASMs (both unadjusted) in percent,2023,5,85.2188
22,"Table 22. Systemwide Load Factor on U.S. Airlines, Unadjusted",Systemwide (Domestic + International) RPMs/ASMs (both unadjusted) in percent,2024,5,84.8532
22,"Table 22. Systemwide Load Factor on U.S. Airlines, Unadjusted",Systemwide (Domestic + International) RPMs/ASMs (both unadjusted) in percent,2021,6,81.0388
22,"Table 22. Systemwide Load Factor on U.S. Airlines, Unadjusted",Systemwide (Domestic + International) RPMs/ASMs (both unadjusted) in percent,2022,6,89.1276
22,"Table 22. Systemwide Load Factor on U.S. Airlines, Unadjusted",Systemwide (Domestic + International) RPMs/ASMs (both unadjusted) in percent,2023,6,88.5184
22,"Table 22. Systemwide Load Factor on U.S. Airlines, Unadjusted",Systemwide (Domestic + International) RPMs/ASMs (both unadjusted) in percent,2024,6,87.4833
22,"Table 22. Systemwide Load Factor on U.S. Airlines, Unadjusted",Systemwide (Domestic + International) RPMs/ASMs (both unadjusted) in percent,2021,7,84.3104
22,"Table 22. Systemwide Load Factor on U.S. Airlines, Unadjusted",Systemwide (Domestic + International) RPMs/ASMs (both unadjusted) in percent,2022,7,88.0027
22,"Table 22. Systemwide Load Factor on U.S. Airlines, Unadjusted",Systemwide (Domestic + International) RPMs/ASMs (both unadjusted) in percent,2023,7,88.347
22,"Table 22. Systemwide Load Factor on U.S. Airlines, Unadjusted",Systemwide (Domestic + International) RPMs/ASMs (both unadjusted) in percent,2024,7,87.6727
22,"Table 22. Systemwide Load Factor on U.S. Airlines, Unadjusted",Systemwide (Domestic + International) RPMs/ASMs (both unadjusted) in percent,2021,8,78.6682
22,"Table 22. Systemwide Load Factor on U.S. Airlines, Unadjusted",Systemwide (Domestic + International) RPMs/ASMs (both unadjusted) in percent,2022,8,85.2822
22,"Table 22. Systemwide Load Factor on U.S. Airlines, Unadjusted",Systemwide (Domestic + International) RPMs/ASMs (both unadjusted) in percent,2023,8,83.7149
22,"Table 22. Systemwide Load Factor on U.S. Airlines, Unadjusted",Systemwide (Domestic + International) RPMs/ASMs (both unadjusted) in percent,2024,8,85.3795
22,"Table 22. Systemwide Load Factor on U.S. Airlines, Unadjusted",Systemwide (Domestic + International) RPMs/ASMs (both unadjusted) in percent,2021,9,72.1237
22,"Table 22. Systemwide Load Factor on U.S. Airlines, Unadjusted",Systemwide (Domestic + International) RPMs/ASMs (both unadjusted) in percent,2022,9,84.5608
22,"Table 22. Systemwide Load Factor on U.S. Airlines, Unadjusted",Systemwide (Domestic + International) RPMs/ASMs (both unadjusted) in percent,2023,9,82.1184
22,"Table 22. Systemwide Load Factor on U.S. Airlines, Unadjusted",Systemwide (Domestic + International) RPMs/ASMs (both unadjusted) in percent,2024,9,81.974
22,"Table 22. Systemwide Load Factor on U.S. Airlines, Unadjusted",Systemwide (Domestic + International) RPMs/ASMs (both unadjusted) in percent,2021,10,76.7559
22,"Table 22. Systemwide Load Factor on U.S. Airlines, Unadjusted",Systemwide (Domestic + International) RPMs/ASMs (both unadjusted) in percent,2022,10,85.7371
22,"Table 22. Systemwide Load Factor on U.S. Airlines, Unadjusted",Systemwide (Domestic + International) RPMs/ASMs (both unadjusted) in percent,2023,10,83.3932
22,"Table 22. Systemwide Load Factor on U.S. Airlines, Unadjusted",Systemwide (Domestic + International) RPMs/ASMs (both unadjusted) in percent,2024,10,83.23
22,"Table 22. Systemwide Load Factor on U.S. Airlines, Unadjusted",Systemwide (Domestic + International) RPMs/ASMs (both unadjusted) in percent,2021,11,78.8587
22,"Table 22. Systemwide Load Factor on U.S. Airlines, Unadjusted",Systemwide (Domestic + International) RPMs/ASMs (both unadjusted) in percent,2022,11,83.1486
22,"Table 22. Systemwide Load Factor on U.S. Airlines, Unadjusted",Systemwide (Domestic + International) RPMs/ASMs (both unadjusted) in percent,2023,11,81.7
22,"Table 22. Systemwide Load Factor on U.S. Airlines, Unadjusted",Systemwide (Domestic + International) RPMs/ASMs (both unadjusted) in percent,2024,11,80.5304
22,"Table 22. Systemwide Load Factor on U.S. Airlines, Unadjusted",Systemwide (Domestic + International) RPMs/ASMs (both unadjusted) in percent,2021,12,79.7394
22,"Table 22. Systemwide Load Factor on U.S. Airlines, Unadjusted",Systemwide (Domestic + International) RPMs/ASMs (both unadjusted) in percent,2022,12,83.445
22,"Table 22. Systemwide Load Factor on U.S. Airlines, Unadjusted",Systemwide (Domestic + International) RPMs/ASMs (both unadjusted) in percent,2023,12,81.1526
22,"Table 22. Systemwide Load Factor on U.S. Airlines, Unadjusted",Systemwide (Domestic + International) RPMs/ASMs (both unadjusted) in percent,2024,12,84.1769
23,"Table 23. Domestic Load Factor on U.S. Airlines, Unadjusted",Domestic RPMs/ASMs (both unadjusted) in percent,2021,1,52.8322
23,"Table 23. Domestic Load Factor on U.S. Airlines, Unadjusted",Domestic RPMs/ASMs (both unadjusted) in percent,2022,1,68.3389
23,"Table 23. Domestic Load Factor on U.S. Airlines, Unadjusted",Domestic RPMs/ASMs (both unadjusted) in percent,2023,1,77.1293
23,"Table 23. Domestic Load Factor on U.S. Airlines, Unadjusted",Domestic RPMs/ASMs (both unadjusted) in percent,2024,1,78.9914
23,"Table 23. Domestic Load Factor on U.S. Airlines, Unadjusted",Domestic RPMs/ASMs (both unadjusted) in percent,2021,2,59.2634
23,"Table 23. Domestic Load Factor on U.S. Airlines, Unadjusted",Domestic RPMs/ASMs (both unadjusted) in percent,2022,2,76.7059
23,"Table 23. Domestic Load Factor on U.S. Airlines, Unadjusted",Domestic RPMs/ASMs (both unadjusted) in percent,2023,2,79.5518
23,"Table 23. Domestic Load Factor on U.S. Airlines, Unadjusted",Domestic RPMs/ASMs (both unadjusted) in percent,2024,2,80.8596
23,"Table 23. Domestic Load Factor on U.S. Airlines, Unadjusted",Domestic RPMs/ASMs (both unadjusted) in percent,2021,3,68.4875
23,"Table 23. Domestic Load Factor on U.S. Airlines, Unadjusted",Domestic RPMs/ASMs (both unadjusted) in percent,2022,3,85.6715
23,"Table 23. Domestic Load Factor on U.S. Airlines, Unadjusted",Domestic RPMs/ASMs (both unadjusted) in percent,2023,3,84.2369
23,"Table 23. Domestic Load Factor on U.S. Airlines, Unadjusted",Domestic RPMs/ASMs (both unadjusted) in percent,2024,3,84.6831
23,"Table 23. Domestic Load Factor on U.S. Airlines, Unadjusted",Domestic RPMs/ASMs (both unadjusted) in percent,2021,4,74.7823
23,"Table 23. Domestic Load Factor on U.S. Airlines, Unadjusted",Domestic RPMs/ASMs (both unadjusted) in percent,2022,4,87.7302
23,"Table 23. Domestic Load Factor on U.S. Airlines, Unadjusted",Domestic RPMs/ASMs (both unadjusted) in percent,2023,4,85.3242
23,"Table 23. Domestic Load Factor on U.S. Airlines, Unadjusted",Domestic RPMs/ASMs (both unadjusted) in percent,2024,4,83.3001
23,"Table 23. Domestic Load Factor on U.S. Airlines, Unadjusted",Domestic RPMs/ASMs (both unadjusted) in percent,2021,5,80.9503
23,"Table 23. Domestic Load Factor on U.S. Airlines, Unadjusted",Domestic RPMs/ASMs (both unadjusted) in percent,2022,5,88.3515
23,"Table 23. Domestic Load Factor on U.S. Airlines, Unadjusted",Domestic RPMs/ASMs (both unadjusted) in percent,2023,5,85.765
23,"Table 23. Domestic Load Factor on U.S. Airlines, Unadjusted",Domestic RPMs/ASMs (both unadjusted) in percent,2024,5,85.7556
23,"Table 23. Domestic Load Factor on U.S. Airlines, Unadjusted",Domestic RPMs/ASMs (both unadjusted) in percent,2021,6,85.5558
23,"Table 23. Domestic Load Factor on U.S. Airlines, Unadjusted",Domestic RPMs/ASMs (both unadjusted) in percent,2022,6,89.9573
23,"Table 23. Domestic Load Factor on U.S. Airlines, Unadjusted",Domestic RPMs/ASMs (both unadjusted) in percent,2023,6,88.1252
23,"Table 23. Domestic Load Factor on U.S. Airlines, Unadjusted",Domestic RPMs/ASMs (both unadjusted) in percent,2024,6,87.1134
23,"Table 23. Domestic Load Factor on U.S. Airlines, Unadjusted",Domestic RPMs/ASMs (both unadjusted) in percent,2021,7,87.9267
23,"Table 23. Domestic Load Factor on U.S. Airlines, Unadjusted",Domestic RPMs/ASMs (both unadjusted) in percent,2022,7,87.559
23,"Table 23. Domestic Load Factor on U.S. Airlines, Unadjusted",Domestic RPMs/ASMs (both unadjusted) in percent,2023,7,88.1465
23,"Table 23. Domestic Load Factor on U.S. Airlines, Unadjusted",Domestic RPMs/ASMs (both unadjusted) in percent,2024,7,87.4774
23,"Table 23. Domestic Load Factor on U.S. Airlines, Unadjusted",Domestic RPMs/ASMs (both unadjusted) in percent,2021,8,81.2793
23,"Table 23. Domestic Load Factor on U.S. Airlines, Unadjusted",Domestic RPMs/ASMs (both unadjusted) in percent,2022,8,85.2354
23,"Table 23. Domestic Load Factor on U.S. Airlines, Unadjusted",Domestic RPMs/ASMs (both unadjusted) in percent,2023,8,82.846
23,"Table 23. Domestic Load Factor on U.S. Airlines, Unadjusted",Domestic RPMs/ASMs (both unadjusted) in percent,2024,8,84.8994
23,"Table 23. Domestic Load Factor on U.S. Airlines, Unadjusted",Domestic RPMs/ASMs (both unadjusted) in percent,2021,9,75.6374
23,"Table 23. Domestic Load Factor on U.S. Airlines, Unadjusted",Domestic RPMs/ASMs (both unadjusted) in percent,2022,9,84.8283
23,"Table 23. Domestic Load Factor on U.S. Airlines, Unadjusted",Domestic RPMs/ASMs (both unadjusted) in percent,2023,9,81.5559
23,"Table 23. Domestic Load Factor on U.S. Airlines, Unadjusted",Domestic RPMs/ASMs (both unadjusted) in percent,2024,9,81.4699
23,"Table 23. Domestic Load Factor on U.S. Airlines, Unadjusted",Domestic RPMs/ASMs (both unadjusted) in percent,2021,10,80.9878
23,"Table 23. Domestic Load Factor on U.S. Airlines, Unadjusted",Domestic RPMs/ASMs (both unadjusted) in percent,2022,10,86.705
23,"Table 23. Domestic Load Factor on U.S. Airlines, Unadjusted",Domestic RPMs/ASMs (both unadjusted) in percent,2023,10,83.8294
23,"Table 23. Domestic Load Factor on U.S. Airlines, Unadjusted",Domestic RPMs/ASMs (both unadjusted) in percent,2024,10,83.2146
23,"Table 23. Domestic Load Factor on U.S. Airlines, Unadjusted",Domestic RPMs/ASMs (both unadjusted) in percent,2021,11,81.4121
23,"Table 23. Domestic Load Factor on U.S. Airlines, Unadjusted",Domestic RPMs/ASMs (both unadjusted) in percent,2022,11,84.2614
23,"Table 23. Domestic Load Factor on U.S. Airlines, Unadjusted",Domestic RPMs/ASMs (both unadjusted) in percent,2023,11,82.9515
23,"Table 23. Domestic Load Factor on U.S. Airlines, Unadjusted",Domestic RPMs/ASMs (both unadjusted) in percent,2024,11,80.8121
23,"Table 23. Domestic Load Factor on U.S. Airlines, Unadjusted",Domestic RPMs/ASMs (both unadjusted) in percent,2021,12,82.2087
23,"Table 23. Domestic Load Factor on U.S. Airlines, Unadjusted",Domestic RPMs/ASMs (both unadjusted) in percent,2022,12,83.7633
23,"Table 23. Domestic Load Factor on U.S. Airlines, Unadjusted",Domestic RPMs/ASMs (both unadjusted) in percent,2023,12,81.6665
23,"Table 23. Domestic Load Factor on U.S. Airlines, Unadjusted",Domestic RPMs/ASMs (both unadjusted) in percent,2024,12,84.3838
24,"Table 24. International Load Factor on U.S. Airlines, Unadjusted",International RPMs/ASMs (both unadjusted) in percent,2021,1,42.0322
24,"Table 24. International Load Factor on U.S. Airlines, Unadjusted",International RPMs/ASMs (both unadjusted) in percent,2022,1,59.8386
24,"Table 24. International Load Factor on U.S. Airlines, Unadjusted",International RPMs/ASMs (both unadjusted) in percent,2023,1,78.3977
24,"Table 24. International Load Factor on U.S. Airlines, Unadjusted",International RPMs/ASMs (both unadjusted) in percent,2024,1,76.9378
24,"Table 24. International Load Factor on U.S. Airlines, Unadjusted",International RPMs/ASMs (both unadjusted) in percent,2021,2,35.0134
24,"Table 24. International Load Factor on U.S. Airlines, Unadjusted",International RPMs/ASMs (both unadjusted) in percent,2022,2,62.2139
24,"Table 24. International Load Factor on U.S. Airlines, Unadjusted",International RPMs/ASMs (both unadjusted) in percent,2023,2,75.3826
24,"Table 24. International Load Factor on U.S. Airlines, Unadjusted",International RPMs/ASMs (both unadjusted) in percent,2024,2,74.0128
24,"Table 24. International Load Factor on U.S. Airlines, Unadjusted",International RPMs/ASMs (both unadjusted) in percent,2021,3,43.4069
24,"Table 24. International Load Factor on U.S. Airlines, Unadjusted",International RPMs/ASMs (both unadjusted) in percent,2022,3,73.5693
24,"Table 24. International Load Factor on U.S. Airlines, Unadjusted",International RPMs/ASMs (both unadjusted) in percent,2023,3,82.956
24,"Table 24. International Load Factor on U.S. Airlines, Unadjusted",International RPMs/ASMs (both unadjusted) in percent,2024,3,82.8315
24,"Table 24. International Load Factor on U.S. Airlines, Unadjusted",International RPMs/ASMs (both unadjusted) in percent,2021,4,47.1718
24,"Table 24. International Load Factor on U.S. Airlines, Unadjusted",International RPMs/ASMs (both unadjusted) in percent,2022,4,78.008
24,"Table 24. International Load Factor on U.S. Airlines, Unadjusted",International RPMs/ASMs (both unadjusted) in percent,2023,4,82.3891
24,"Table 24. International Load Factor on U.S. Airlines, Unadjusted",International RPMs/ASMs (both unadjusted) in percent,2024,4,79.588
24,"Table 24. International Load Factor on U.S. Airlines, Unadjusted",International RPMs/ASMs (both unadjusted) in percent,2021,5,53.0599
24,"Table 24. International Load Factor on U.S. Airlines, Unadjusted",International RPMs/ASMs (both unadjusted) in percent,2022,5,79.1164
24,"Table 24. International Load Factor on U.S. Airlines, Unadjusted",International RPMs/ASMs (both unadjusted) in percent,2023,5,83.8892
24,"Table 24. International Load Factor on U.S. Airlines, Unadjusted",International RPMs/ASMs (both unadjusted) in percent,2024,5,82.7259
24,"Table 24. International Load Factor on U.S. Airlines, Unadjusted",International RPMs/ASMs (both unadjusted) in percent,2021,6,63.2366
24,"Table 24. International Load Factor on U.S. Airlines, Unadjusted",International RPMs/ASMs (both unadjusted) in percent,2022,6,87.0342
24,"Table 24. International Load Factor on U.S. Airlines, Unadjusted",International RPMs/ASMs (both unadjusted) in percent,2023,6,89.4367
24,"Table 24. International Load Factor on U.S. Airlines, Unadjusted",International RPMs/ASMs (both unadjusted) in percent,2024,6,88.3312
24,"Table 24. International Load Factor on U.S. Airlines, Unadjusted",International RPMs/ASMs (both unadjusted) in percent,2021,7,70.4588
24,"Table 24. International Load Factor on U.S. Airlines, Unadjusted",International RPMs/ASMs (both unadjusted) in percent,2022,7,89.1232
24,"Table 24. International Load Factor on U.S. Airlines, Unadjusted",International RPMs/ASMs (both unadjusted) in percent,2023,7,88.812
24,"Table 24. International Load Factor on U.S. Airlines, Unadjusted",International RPMs/ASMs (both unadjusted) in percent,2024,7,88.1196
24,"Table 24. International Load Factor on U.S. Airlines, Unadjusted",International RPMs/ASMs (both unadjusted) in percent,2021,8,68.959
24,"Table 24. International Load Factor on U.S. Airlines, Unadjusted",International RPMs/ASMs (both unadjusted) in percent,2022,8,85.4001
24,"Table 24. International Load Factor on U.S. Airlines, Unadjusted",International RPMs/ASMs (both unadjusted) in percent,2023,8,85.7549
24,"Table 24. International Load Factor on U.S. Airlines, Unadjusted",International RPMs/ASMs (both unadjusted) in percent,2024,8,86.4835
24,"Table 24. International Load Factor on U.S. Airlines, Unadjusted",International RPMs/ASMs (both unadjusted) in percent,2021,9,58.9623
24,"Table 24. International Load Factor on U.S. Airlines, Unadjusted",International RPMs/ASMs (both unadjusted) in percent,2022,9,83.854
24,"Table 24. International Load Factor on U.S. Airlines, Unadjusted",International RPMs/ASMs (both unadjusted) in percent,2023,9,83.4819
24,"Table 24. International Load Factor on U.S. Airlines, Unadjusted",International RPMs/ASMs (both unadjusted) in percent,2024,9,83.1929
24,"Table 24. International Load Factor on U.S. Airlines, Unadjusted",International RPMs/ASMs (both unadjusted) in percent,2021,10,60.6325
24,"Table 24. International Load Factor on U.S. Airlines, Unadjusted",International RPMs/ASMs (both unadjusted) in percent,2022,10,83.0325
24,"Table 24. International Load Factor on U.S. Airlines, Unadjusted",International RPMs/ASMs (both unadjusted) in percent,2023,10,82.2564
24,"Table 24. International Load Factor on U.S. Airlines, Unadjusted",International RPMs/ASMs (both unadjusted) in percent,2024,10,83.2692
24,"Table 24. International Load Factor on U.S. Airlines, Unadjusted",International RPMs/ASMs (both unadjusted) in percent,2021,11,68.9807
24,"Table 24. International Load Factor on U.S. Airlines, Unadjusted",International RPMs/ASMs (both unadjusted) in percent,2022,11,79.976
24,"Table 24. International Load Factor on U.S. Airlines, Unadjusted",International RPMs/ASMs (both unadjusted) in percent,2023,11,78.409
24,"Table 24. International Load Factor on U.S. Airlines, Unadjusted",International RPMs/ASMs (both unadjusted) in percent,2024,11,79.7909
24,"Table 24. International Load Factor on U.S. Airlines, Unadjusted",International RPMs/ASMs (both unadjusted) in percent,2021,12,71.4537
24,"Table 24. International Load Factor on U.S. Airlines, Unadjusted",International RPMs/ASMs (both unadjusted) in percent,2022,12,82.6159
24,"Table 24. International Load Factor on U.S. Airlines, Unadjusted",International RPMs/ASMs (both unadjusted) in percent,2023,12,79.9159
24,"Table 24. International Load Factor on U.S. Airlines, Unadjusted",International RPMs/ASMs (both unadjusted) in percent,2024,12,83.6709
